Country Name,Country Code,Indicator Name,Indicator Code,1991,1992,1993,1994,1995,1996,1997,1998,1999,2000,2001,2002,2003,2004,2005,2006,2007,2008,2009,2010,2011,2012,2013,2014,2015,2016,2017,2018,2019,2020,2021,2022,2023
Aruba,ABW,"Unemployment, total (% of total labor force) (modeled ILO estimate)",SL.UEM.TOTL.ZS,,,,,,,,,,,,,,,,,,,,,,,,,,,,,,,,,
Africa Eastern and Southern,AFE,"Unemployment, total (% of total labor force) (modeled ILO estimate)",SL.UEM.TOTL.ZS,7.710274778,7.807974206,7.800477303,7.684725244,7.478108151,7.404866751,7.375615629,7.412500022,7.460228751,7.409351572,7.308110374,7.270795674,7.231053997,7.04548226,6.875290242,6.822586013,6.771575027,6.751110161,6.85848451,7.273430496,7.148931361,6.947986623,6.830908035,6.790810121,6.880311744,7.027629967,7.123032028,7.0684401,7.24466988,7.661161099,7.964493094,7.448221786,7.472824112
Afghanistan,AFG,"Unemployment, total (% of total labor force) (modeled ILO estimate)",SL.UEM.TOTL.ZS,7.946,7.94,7.961,7.98,7.967,7.941,7.92,7.941,7.953,7.955,7.958,7.939,7.922,7.914,7.914,7.918,7.908,7.92,7.914,7.914,7.916,7.909,7.919,7.915,9.011,10.1,11.184,11.206,11.224,11.71,11.934,14.1,14.386
Africa Western and Central,AFW,"Unemployment, total (% of total labor force) (modeled ILO estimate)",SL.UEM.TOTL.ZS,4.168122805,4.286659061,4.385563806,4.408511182,4.399247137,4.349874516,4.335254155,4.356870664,4.570366019,4.627660078,4.558691089,4.376784017,4.258753331,4.169754336,4.153747714,4.00467833,3.971386266,3.994066536,4.037848777,4.030220403,3.995125442,4.010142514,3.71389941,3.899550084,4.204561558,4.13994847,4.204170411,4.224167214,4.247943939,4.697496685,4.524016135,3.737765512,3.397782393
Angola,AGO,"Unemployment, total (% of total labor force) (modeled ILO estimate)",SL.UEM.TOTL.ZS,16.468,16.621,17.074,17.105,16.711,16.013,15.928,16.148,16.392,16.502,16.539,16.342,16.37,16.267,16.268,16.121,16.08,16.17,16.392,16.598,16.77,16.557,16.487,16.401,16.491,16.58,16.617,16.599,16.497,16.676,15.799,14.693,14.62
Albania,ALB,"Unemployment, total (% of total labor force) (modeled ILO estimate)",SL.UEM.TOTL.ZS,10.304,30.007,25.251,20.835,14.607,13.928,16.872,20.042,20.835,19.023,18.57,17.891,16.985,16.306,15.966,15.626,15.966,13.06,13.674,14.086,13.481,13.376,15.866,18.055,17.193,15.418,13.616,12.304,11.466,12.79,12.473,11.588,11.584
Andorra,AND,"Unemployment, total (% of total labor force) (modeled ILO estimate)",SL.UEM.TOTL.ZS,,,,,,,,,,,,,,,,,,,,,,,,,,,,,,,,,
Arab World,ARB,"Unemployment, total (% of total labor force) (modeled ILO estimate)",SL.UEM.TOTL.ZS,11.64690135,11.87839618,12.62914436,12.73557536,13.20607322,12.1989553,11.74960057,11.69970328,11.8688768,12.34348099,12.22990175,12.25668357,12.2216181,11.24403581,11.06580828,10.35910762,9.97140037,9.68211719,9.313903036,9.393304466,10.48773826,10.88884905,10.90006319,10.94000268,11.07045289,10.80732107,11.06871582,10.59860076,10.14133061,11.23138384,10.78329712,9.869656321,9.878318256
United Arab Emirates,ARE,"Unemployment, total (% of total labor force) (modeled ILO estimate)",SL.UEM.TOTL.ZS,1.645,1.73,1.915,1.841,1.8,1.836,1.908,2.071,2.197,2.25,2.442,2.657,2.902,2.964,3.12,2.959,2.925,2.805,2.919,2.789,2.568,2.266,2.074,1.962,1.792,1.64,2.462,2.236,2.331,4.294,3.105,2.873,2.706
Argentina,ARG,"Unemployment, total (% of total labor force) (modeled ILO estimate)",SL.UEM.TOTL.ZS,5.44,6.36,10.1,11.76,18.8,17.11,14.82,12.65,14.05,15,17.32,19.59,15.36,13.522,11.506,10.078,8.47,7.837,8.645,7.714,7.18,7.217,7.1,7.268,7.58,8.083,8.347,9.221,9.843,11.461,8.736,6.805,6.178
Armenia,ARM,"Unemployment, total (% of total labor force) (modeled ILO estimate)",SL.UEM.TOTL.ZS,1.6,1.8,5.3,6.6,6.7,9.3,10.8,9.4,11.2,11.097,10.995,10.872,10.757,10.666,10.577,10.491,10.394,10.657,10.993,11.279,11.534,11.704,11.948,12.201,12.468,12.732,12.968,13.212,12.2,12.18,10.012,8.608,8.586
American Samoa,ASM,"Unemployment, total (% of total labor force) (modeled ILO estimate)",SL.UEM.TOTL.ZS,,,,,,,,,,,,,,,,,,,,,,,,,,,,,,,,,
Antigua and Barbuda,ATG,"Unemployment, total (% of total labor force) (modeled ILO estimate)",SL.UEM.TOTL.ZS,,,,,,,,,,,,,,,,,,,,,,,,,,,,,,,,,
Australia,AUS,"Unemployment, total (% of total labor force) (modeled ILO estimate)",SL.UEM.TOTL.ZS,9.586,10.733,10.879,9.724,8.473,8.509,8.367,7.684,6.876,6.288,6.747,6.375,5.933,5.399,5.036,4.785,4.381,4.242,5.565,5.214,5.083,5.225,5.663,6.078,6.055,5.711,5.592,5.3,5.159,6.456,5.116,3.701,3.667
Austria,AUT,"Unemployment, total (% of total labor force) (modeled ILO estimate)",SL.UEM.TOTL.ZS,3.42,3.59,4.25,3.535,4.353,5.291,5.157,5.493,4.707,4.694,4.012,4.86,4.785,5.969,5.682,5.32,4.909,4.198,5.371,4.883,4.637,4.909,5.367,5.674,5.802,6.064,5.561,4.933,4.56,5.201,6.459,4.992,5.243
Azerbaijan,AZE,"Unemployment, total (% of total labor force) (modeled ILO estimate)",SL.UEM.TOTL.ZS,0.9,1.8,4.5,6.3,7.2,8.1,9.1,10,10.9,11.78,10.91,10.04,9.17,7.99,7.26,6.62,6.33,5.86,5.74,5.63,5.42,5.19,4.97,4.91,4.96,5,5,4.9,5,7.24,6.04,5.65,5.636
Burundi,BDI,"Unemployment, total (% of total labor force) (modeled ILO estimate)",SL.UEM.TOTL.ZS,3.168,3.141,3.112,3.133,3.088,3.095,3.147,3.191,3.146,3.145,3.164,3.18,3.137,3.179,3.15,3.185,2.4,1.634,1.618,1.612,1.599,1.591,1.584,1.572,1.444,1.356,1.258,1.157,1.053,1.03,1.11,0.919,0.93
Belgium,BEL,"Unemployment, total (% of total labor force) (modeled ILO estimate)",SL.UEM.TOTL.ZS,6.984,6.702,8.078,9.645,9.337,9.483,8.95,9.323,8.649,6.586,6.178,6.91,7.68,7.363,8.44,8.246,7.459,6.976,7.908,8.293,7.14,7.542,8.425,8.523,8.482,7.83,7.086,5.948,5.36,5.555,6.264,5.558,5.508
Benin,BEN,"Unemployment, total (% of total labor force) (modeled ILO estimate)",SL.UEM.TOTL.ZS,1.639,1.51,1.494,1.455,1.307,1.25,1.102,1.051,0.951,0.865,0.766,0.69,0.747,0.79,0.86,0.888,0.902,0.892,0.947,1.04,2.647,2.415,2.113,1.892,1.855,1.835,1.722,1.473,1.402,1.565,1.694,1.473,1.452
Burkina Faso,BFA,"Unemployment, total (% of total labor force) (modeled ILO estimate)",SL.UEM.TOTL.ZS,2.468,2.505,2.432,2.58,2.532,2.448,2.414,2.44,2.55,2.681,2.742,2.855,2.78,3.475,4,3.67,3.3,3.497,3.715,3.723,3.827,3.852,4.055,4.254,4.468,4.594,4.66,4.695,4.701,4.985,5.11,5.348,5.293
Bangladesh,BGD,"Unemployment, total (% of total labor force) (modeled ILO estimate)",SL.UEM.TOTL.ZS,2.2,2.253,2.32,2.381,2.446,2.51,2.699,2.891,3.082,3.27,3.614,3.967,4.32,4.294,4.25,3.591,4.045,4.516,5,3.379,3.73,4.075,4.426,4.406,4.382,4.35,4.372,4.532,4.693,5.828,5.815,5.247,5.06
Bulgaria,BGR,"Unemployment, total (% of total labor force) (modeled ILO estimate)",SL.UEM.TOTL.ZS,11.1,15.3,16.4,12.8,11.1,12.5,13.7,12.2,14.1,16.218,19.921,18.11,13.733,12.037,10.083,8.951,6.878,5.61,6.817,10.279,11.26,12.27,12.941,11.424,9.143,7.575,6.164,5.212,4.23,5.125,5.267,4.268,4.295
Bahrain,BHR,"Unemployment, total (% of total labor force) (modeled ILO estimate)",SL.UEM.TOTL.ZS,1.13,1.042,0.943,1.08,1.117,1.254,1.196,1.179,1.174,1.138,1.171,1.184,1.165,1.094,1.044,1.039,1.019,1.024,1.074,1.13,1.209,1.2,1.182,1.146,1.166,1.195,1.196,1.202,1.226,1.767,1.551,1.326,1.16
"Bahamas, The",BHS,"Unemployment, total (% of total labor force) (modeled ILO estimate)",SL.UEM.TOTL.ZS,12.17,14.81,12.72,13.83,10.83,11.46,9.76,7.65,7.45,7.235,6.87,9.05,10.84,10.2,10.2,7.54,7.88,8.18,14.25,14.431,14.52,14.02,16.18,13.8,12,12.7,9.8,10,10.011,12.804,11.694,9.87,9.198
Bosnia and Herzegovina,BIH,"Unemployment, total (% of total labor force) (modeled ILO estimate)",SL.UEM.TOTL.ZS,17.55,18.481,19.422,20.251,21.063,21.84,22.727,23.633,24.572,25.473,26.461,27.414,28.415,29.288,30.213,31.11,28.984,23.405,24.068,27.312,27.582,28.01,27.49,27.517,27.695,25.408,20.527,18.4,15.692,15.868,14.897,12.657,10.42
Belarus,BLR,"Unemployment, total (% of total labor force) (modeled ILO estimate)",SL.UEM.TOTL.ZS,0.6,3.1,8.5,12.8,17.7,24.4,17.1,14,12.8,12.171,11.523,10.837,10.155,9.443,8.748,8.064,7.408,6.735,6.1,6.054,6.024,5.97,5.946,5.911,5.881,5.844,5.648,4.763,4.165,4.049,3.9,3.574,3.574
Belize,BLZ,"Unemployment, total (% of total labor force) (modeled ILO estimate)",SL.UEM.TOTL.ZS,9.64,9.657,9.78,11.1,12.48,13.82,12.68,14.31,12.84,10.808,9.07,10.04,10.363,10.601,10.91,9.39,8.51,8.18,8.335,8.424,8.434,8.38,8.349,8.244,7.578,7,6.596,7.899,9.053,10.7,10.157,8.724,8.262
Bermuda,BMU,"Unemployment, total (% of total labor force) (modeled ILO estimate)",SL.UEM.TOTL.ZS,,,,,,,,,,,,,,,,,,,,,,,,,,,,,,,,,
Bolivia,BOL,"Unemployment, total (% of total labor force) (modeled ILO estimate)",SL.UEM.TOTL.ZS,2.927,3.028,3.049,3.08,2.665,2.375,2.08,2.122,2.3,2.442,2.626,2.606,2.657,2.618,2.6,2.576,2.615,2.603,2.973,2.609,2.255,2.066,2.437,2.021,3.111,3.498,3.655,3.519,3.682,7.903,5.089,3.552,3.081
Brazil,BRA,"Unemployment, total (% of total labor force) (modeled ILO estimate)",SL.UEM.TOTL.ZS,6.896,7.086,6.03,6.578,7.092,8.035,9.003,10.15,11.125,10.892,10.649,10.641,11.169,10.072,10.551,9.692,9.28,8.268,9.419,8.424,7.578,7.251,7.071,6.755,8.538,11.58,12.792,12.33,11.936,13.697,13.159,9.231,7.95
Barbados,BRB,"Unemployment, total (% of total labor force) (modeled ILO estimate)",SL.UEM.TOTL.ZS,22.308,22.94,24.54,22.98,19.66,14.71,14.61,12.4,10.61,9.35,9.85,10.32,11,9.57,9.08,8.73,7.41,8.12,10.02,10.69,11.19,11.59,11.55,12.17,9.803,8.247,8.622,8.322,8.413,9.756,9.417,8.493,7.954
Brunei Darussalam,BRN,"Unemployment, total (% of total labor force) (modeled ILO estimate)",SL.UEM.TOTL.ZS,4.7,4.772,4.87,4.964,5.059,5.142,5.254,5.368,5.46,5.532,5.609,5.695,5.785,5.886,5.993,6.076,6.169,6.272,6.397,6.476,6.537,6.615,6.734,6.862,7.694,8.521,9.316,8.7,6.6,7.409,4.905,5.191,5.27
Bhutan,BTN,"Unemployment, total (% of total labor force) (modeled ILO estimate)",SL.UEM.TOTL.ZS,1.374,1.381,1.394,1.391,1.392,1.392,1.395,1.4,1.4,1.652,1.9,1.851,1.8,2.49,3.1,3.13,3.7,3.833,3.96,3.32,3.23,2.05,2.87,2.63,2.45,2.737,3.039,3.35,2.72,5.03,4.804,5.947,5.653
Botswana,BWA,"Unemployment, total (% of total labor force) (modeled ILO estimate)",SL.UEM.TOTL.ZS,13.82,16.331,18.762,21.2,21.395,21.593,21.041,20.86,18.231,15.88,18.54,21.272,23.8,21.754,19.847,17.782,16.99,16.315,16.169,17.86,18.062,17.949,18.203,18.518,18.939,19.343,19.678,19.679,20.094,21.017,23.106,23.615,23.381
Central African Republic,CAF,"Unemployment, total (% of total labor force) (modeled ILO estimate)",SL.UEM.TOTL.ZS,5.561,5.672,5.735,5.757,5.709,5.676,5.633,5.602,5.593,5.546,5.589,5.625,5.631,5.56,5.53,5.46,5.419,5.372,5.463,5.585,5.551,5.52,5.56,5.685,5.871,5.904,5.969,5.896,5.978,6.556,6.676,6.337,6.286
Canada,CAN,"Unemployment, total (% of total labor force) (modeled ILO estimate)",SL.UEM.TOTL.ZS,10.316,11.197,11.377,10.395,9.489,9.62,9.101,8.279,7.583,6.829,7.219,7.665,7.574,7.185,6.758,6.484,6.156,6.284,8.46,8.178,7.637,7.392,7.143,7.023,6.945,7.038,6.426,5.837,5.69,9.657,7.527,5.28,5.366
Central Europe and the Baltics,CEB,"Unemployment, total (% of total labor force) (modeled ILO estimate)",SL.UEM.TOTL.ZS,9.52328892,10.13485841,11.52730378,11.37297955,10.84619465,10.19356955,9.202350595,9.017686801,10.41762768,12.41386332,13.22255988,13.7537269,13.00068473,12.92085407,12.06015955,10.1054447,7.811113998,6.606591481,8.486187281,9.898521715,9.789258876,9.97937191,10.04818709,8.864137335,7.822656644,6.493454777,5.297647119,4.315585547,3.780847207,4.373788356,4.486592813,4.006651675,4.081257247
Switzerland,CHE,"Unemployment, total (% of total labor force) (modeled ILO estimate)",SL.UEM.TOTL.ZS,1.818,2.344,3.551,3.58,3.094,3.684,4.127,3.568,3.053,2.658,2.49,2.924,4.117,4.316,4.437,3.995,3.641,3.35,4.109,4.808,4.409,4.491,4.747,4.826,4.801,4.918,4.797,4.713,4.394,4.817,5.097,4.3,4.05
Channel Islands,CHI,"Unemployment, total (% of total labor force) (modeled ILO estimate)",SL.UEM.TOTL.ZS,5.651,6.1,7.069,7.231,6.978,6.906,6.696,6.289,5.919,5.357,5.041,5.309,5.636,5.834,5.764,5.513,5.204,5.268,6.628,6.97,7.192,7.993,8.531,8.285,7.901,7.442,6.865,6.324,6.17,6.611,6.609,5.91,5.982
Chile,CHL,"Unemployment, total (% of total labor force) (modeled ILO estimate)",SL.UEM.TOTL.ZS,5.23,4.35,4.49,5.87,4.7,7.414,7.136,7.307,11.158,10.491,10.39,10.168,9.765,10.162,9.34,9.024,8.427,9.285,11.313,8.547,7.492,6.79,6.361,6.761,6.605,6.926,7.29,7.647,7.533,11.006,9.325,8.299,9.037
China,CHN,"Unemployment, total (% of total labor force) (modeled ILO estimate)",SL.UEM.TOTL.ZS,2.37,2.37,2.69,2.9,3,3.12,3.23,3.24,3.25,3.26,3.8,4.24,4.58,4.49,4.52,4.43,4.35,4.59,4.72,4.53,4.55,4.58,4.6,4.63,4.65,4.56,4.47,4.31,4.56,5,4.55,4.98,4.67
Cote d'Ivoire,CIV,"Unemployment, total (% of total labor force) (modeled ILO estimate)",SL.UEM.TOTL.ZS,6.597,6.7,5.868,5.045,4.1,4.04,3.965,4.1,4.421,4.835,5.199,5.516,5.858,5.93,6.041,6.04,6.308,6.404,6.586,6.614,7.145,7.223,4.255,3.275,2.574,1.896,3.273,2.851,2.401,2.559,2.59,2.434,2.403
Cameroon,CMR,"Unemployment, total (% of total labor force) (modeled ILO estimate)",SL.UEM.TOTL.ZS,8.933,9.012,9.118,8.854,8.585,8.06,7.86,7.696,7.596,7.534,7.46,6.711,5.909,5.088,4.4,3.73,3.063,3.385,3.742,4.11,3.989,3.837,3.687,3.534,3.52,3.534,3.581,3.619,3.646,3.866,3.951,3.687,3.646
"Congo, Dem. Rep.",COD,"Unemployment, total (% of total labor force) (modeled ILO estimate)",SL.UEM.TOTL.ZS,3.213,3.312,3.39,3.345,3.233,3.117,3.14,3.169,3.206,3.224,3.233,3.165,3.05,2.973,2.948,3.173,3.401,3.625,3.879,4.096,4.315,4.485,4.474,4.446,4.456,4.548,4.637,4.661,4.642,5.369,5.273,4.585,4.544
"Congo, Rep.",COG,"Unemployment, total (% of total labor force) (modeled ILO estimate)",SL.UEM.TOTL.ZS,19.858,19.866,19.933,20.179,20.146,19.995,19.862,19.88,20.096,19.854,19.858,19.656,19.865,19.883,19.796,19.593,19.899,19.954,19.854,19.379,19.51,19.573,19.902,19.781,20.2,20.524,20.887,20.938,20.608,22.373,22.077,20.261,20.054
Colombia,COL,"Unemployment, total (% of total labor force) (modeled ILO estimate)",SL.UEM.TOTL.ZS,10.12,9.44,7.8,8.25,8.72,11.81,12.14,15,20.06,20.52,15.04,14.481,13.221,13.717,11.062,11.091,11.204,11.273,12.066,11.153,10.288,9.959,9.246,8.799,8.572,8.922,9.086,9.36,10.28,15.983,13.898,10.547,9.565
Comoros,COM,"Unemployment, total (% of total labor force) (modeled ILO estimate)",SL.UEM.TOTL.ZS,4.834,4.55,4.597,4.593,4.709,4.813,4.584,4.636,4.558,4.402,4.379,4.369,4.565,4.571,4.597,4.622,4.688,4.699,4.724,4.692,4.726,4.767,4.79,4.88,4.972,5.042,5.04,5.018,5.1,5.884,5.857,5.854,5.795
Cabo Verde,CPV,"Unemployment, total (% of total labor force) (modeled ILO estimate)",SL.UEM.TOTL.ZS,13.539,13.459,13.327,13.021,12.977,12.945,13.102,13.146,13.161,13.116,13.313,13.434,13.635,13.493,13.471,13.408,13.325,13.331,13.517,10.67,10.947,11.137,11.386,11.67,11.905,12.075,12.24,12.17,12.118,14.66,13.906,12.272,11.994
Costa Rica,CRI,"Unemployment, total (% of total labor force) (modeled ILO estimate)",SL.UEM.TOTL.ZS,5.37,3.93,3.95,4.05,5.18,6.16,5.68,5.33,5.9,5.08,6.051,6.396,6.654,6.445,6.749,5.926,4.557,4.934,7.824,7.171,9.518,9.11,8.218,8.499,8.415,8.085,7.729,9.01,10.807,16.432,15.139,11.325,8.304
Caribbean small states,CSS,"Unemployment, total (% of total labor force) (modeled ILO estimate)",SL.UEM.TOTL.ZS,15.00407719,15.48775026,15.09275287,14.71461871,13.06580739,12.92071533,12.7609886,12.33518027,12.12960985,11.55002938,11.39398871,11.91489724,12.2406461,11.60229955,11.28832745,10.24694789,9.893704737,9.923756954,11.60221683,11.68648702,12.02373149,12.14909358,12.54385615,12.23462474,11.57894453,11.53314352,10.96118379,11.17496139,10.85622935,13.35506369,12.3954074,10.7078633,9.913603759
Cuba,CUB,"Unemployment, total (% of total labor force) (modeled ILO estimate)",SL.UEM.TOTL.ZS,8.31,8.786,9.28,8.811,8.27,7.61,7.1,6.23,6.26,5.45,4.08,3.31,2.33,1.854,1.95,1.913,1.788,1.583,1.67,2.5,3.18,3.46,3.29,2.7,2.4,2,1.7,1.7,1.2,1.4,1.373,1.254,1.163
Curacao,CUW,"Unemployment, total (% of total labor force) (modeled ILO estimate)",SL.UEM.TOTL.ZS,,,,,,,,,,,,,,,,,,,,,,,,,,,,,,,,,
Cayman Islands,CYM,"Unemployment, total (% of total labor force) (modeled ILO estimate)",SL.UEM.TOTL.ZS,,,,,,,,,,,,,,,,,,,,,,,,,,,,,,,,,
Cyprus,CYP,"Unemployment, total (% of total labor force) (modeled ILO estimate)",SL.UEM.TOTL.ZS,3,2.09,2.7,2.7,2.6,3.1,3.4,3.3,5.532,4.766,4.043,3.336,4.153,4.77,5.481,4.593,3.946,3.756,5.594,6.36,7.942,12.097,16.131,16.277,15.026,13.006,11.155,8.504,7.155,7.755,7.513,6.807,5.964
Czechia,CZE,"Unemployment, total (% of total labor force) (modeled ILO estimate)",SL.UEM.TOTL.ZS,2.27,2.6,4.349,4.284,4.083,3.852,4.674,6.455,8.702,8.764,8.128,7.281,7.777,8.298,7.927,7.141,5.316,4.393,6.662,7.281,6.712,6.979,6.953,6.108,5.048,3.952,2.893,2.246,2.015,2.551,2.803,2.224,2.593
Germany,DEU,"Unemployment, total (% of total labor force) (modeled ILO estimate)",SL.UEM.TOTL.ZS,5.316,6.323,7.675,8.727,8.158,8.822,9.861,9.787,8.854,7.917,7.773,8.482,9.779,10.727,11.167,10.25,8.658,7.525,7.742,6.967,5.825,5.379,5.231,4.981,4.624,4.122,3.746,3.384,3.136,3.856,3.638,3.135,3.045
Djibouti,DJI,"Unemployment, total (% of total labor force) (modeled ILO estimate)",SL.UEM.TOTL.ZS,27.078,26.931,27.509,27.422,27.607,27.461,27.446,27.269,26.955,26.862,26.78,26.761,26.647,26.602,26.605,26.528,26.423,26.299,26.436,26.469,26.399,26.252,26.211,26.217,26.095,25.999,26.064,26.18,26.246,27.645,27.548,26.367,26.258
Dominica,DMA,"Unemployment, total (% of total labor force) (modeled ILO estimate)",SL.UEM.TOTL.ZS,,,,,,,,,,,,,,,,,,,,,,,,,,,,,,,,,
Denmark,DNK,"Unemployment, total (% of total labor force) (modeled ILO estimate)",SL.UEM.TOTL.ZS,9.099,9.027,10.719,8.036,6.992,6.844,5.4,5.039,5.142,4.476,4.164,4.274,5.398,5.204,4.83,3.897,3.801,3.683,6.409,7.747,7.769,7.798,7.384,6.925,6.278,5.989,5.833,5.131,5.018,5.637,5.043,4.434,5.142
Dominican Republic,DOM,"Unemployment, total (% of total labor force) (modeled ILO estimate)",SL.UEM.TOTL.ZS,6.878,6.671,6.305,6.267,6.431,6.48,6.314,6.295,6.305,6.432,7.262,6.779,6.938,6.303,6.587,5.655,5.158,4.764,5.467,5.212,6.087,6.722,7.352,6.719,7.605,7.284,5.832,5.861,6.356,6.126,7.702,5.504,5.557
Algeria,DZA,"Unemployment, total (% of total labor force) (modeled ILO estimate)",SL.UEM.TOTL.ZS,20.6,24.38,26.23,27.74,31.84,28.315,25.43,26.855,28.545,29.77,27.3,25.9,23.72,17.65,15.27,12.27,13.79,11.33,10.16,9.96,9.96,10.97,9.82,10.207,11.206,10.202,12,12.15,12.285,14.04,13.607,12.437,11.814
East Asia & Pacific (excluding high income),EAP,"Unemployment, total (% of total labor force) (modeled ILO estimate)",SL.UEM.TOTL.ZS,2.406661102,2.375263732,2.625743172,2.921680081,3.004507987,3.109396148,3.202086158,3.36835796,3.460042632,3.416237208,3.841966472,4.158050118,4.407541279,4.400436401,4.477279687,4.371182383,4.350527833,4.434062967,4.419282242,4.158348904,4.109461876,4.048577557,4.049514053,4.045914534,4.120813187,4.038120905,3.9170826,3.80842978,3.898980808,4.368402947,4.128671634,4.239945997,4.000429358
Early-demographic dividend,EAR,"Unemployment, total (% of total labor force) (modeled ILO estimate)",SL.UEM.TOTL.ZS,5.852855379,5.922227559,6.100980649,6.368102346,6.732104945,6.67338518,6.616380639,6.794995247,7.065391164,7.145866332,7.294492641,7.58572245,7.568803132,7.535376632,7.535875032,7.276837053,7.183161493,7.079532676,7.165319123,6.977523134,6.832416323,6.879111665,6.816961228,6.720057305,6.864071258,6.766929707,6.694973248,6.714422392,6.249379816,7.289485908,6.659520469,5.631129791,5.204576027
East Asia & Pacific,EAS,"Unemployment, total (% of total labor force) (modeled ILO estimate)",SL.UEM.TOTL.ZS,2.461721701,2.454083244,2.711046492,2.979164795,3.052626072,3.160933072,3.250561539,3.539322315,3.645947198,3.550258463,3.945610872,4.244901804,4.465297113,4.419485709,4.466034087,4.343776086,4.295078831,4.374400473,4.455703332,4.210340822,4.123386813,4.054692596,4.03961567,4.021652794,4.089076805,3.999927039,3.871163114,3.750277254,3.81998173,4.300353123,4.061778871,4.109334927,3.885687066
Europe & Central Asia (excluding high income),ECA,"Unemployment, total (% of total labor force) (modeled ILO estimate)",SL.UEM.TOTL.ZS,4.398952465,5.189370279,5.939282692,7.188812981,8.62791233,10.08005271,10.26214585,11.21122188,11.5751296,10.92574543,10.80291797,10.83428666,10.42140966,10.25815614,9.722069668,9.231150078,8.705517511,8.522434943,10.02907719,9.393156309,8.755850741,8.50404102,8.472207625,8.860347933,8.846346857,8.924189364,8.834514668,8.491224182,8.980985312,9.133638922,8.837180473,7.621182823,7.17450382
Europe & Central Asia,ECS,"Unemployment, total (% of total labor force) (modeled ILO estimate)",SL.UEM.TOTL.ZS,6.915703175,7.517821931,8.68285224,9.668178301,9.94593625,10.28535896,10.52520519,10.70907811,10.60613995,9.779987168,9.083249353,9.094365582,9.113863186,9.089056607,8.737257174,8.169386499,7.249502641,7.146097302,8.992245425,9.053108088,8.788704146,9.009035558,9.20875925,8.890483626,8.506526768,8.037064859,7.434318783,6.83378209,6.58944479,7.048769911,6.862582212,5.817338545,5.601561653
Ecuador,ECU,"Unemployment, total (% of total labor force) (modeled ILO estimate)",SL.UEM.TOTL.ZS,4.332,4.291,4.367,4.373,4.372,4.387,4.389,4.35,4.642,4.8,4.252,4.825,5.662,5.002,3.779,3.55,3.142,3.917,4.608,4.088,3.458,3.235,3.083,3.48,3.616,4.597,3.836,3.53,3.812,6.127,4.552,3.761,3.367
"Egypt, Arab Rep.",EGY,"Unemployment, total (% of total labor force) (modeled ILO estimate)",SL.UEM.TOTL.ZS,9.38,8.92,10.92,10.93,11.04,9,8.37,8.03,7.95,8.98,9.26,10.01,10.91,10.32,11.049,10.49,8.8,8.517,9.087,8.757,11.849,12.597,13.154,13.105,13.052,12.45,11.767,9.855,7.851,7.974,7.441,7.344,7.306
Euro area,EMU,"Unemployment, total (% of total labor force) (modeled ILO estimate)",SL.UEM.TOTL.ZS,8.324458439,8.952682457,10.71817316,11.76656357,11.44878584,11.66050053,11.66202526,11.24308348,10.49105383,9.504163113,8.443382079,8.697689707,9.029590278,9.294444441,9.133719711,8.411197337,7.526370513,7.553860466,9.599727767,10.15723645,10.2237874,11.41859785,11.9746752,11.62684112,10.89015551,10.02863593,9.053371705,8.158201191,7.506023263,7.823347818,7.730066946,6.745820691,6.530160939
Eritrea,ERI,"Unemployment, total (% of total labor force) (modeled ILO estimate)",SL.UEM.TOTL.ZS,5.329,5.483,5.554,5.598,5.464,5.394,5.494,5.589,5.683,5.724,5.784,5.814,5.784,5.674,5.689,5.683,5.696,5.647,5.722,5.839,5.755,5.649,5.61,5.652,5.793,5.83,5.879,5.758,5.789,6.307,6.341,5.941,5.866
Spain,ESP,"Unemployment, total (% of total labor force) (modeled ILO estimate)",SL.UEM.TOTL.ZS,15.929,17.697,22.156,24.209,22.675,22.142,20.698,18.673,15.475,13.785,10.348,11.146,11.283,11.09,9.146,8.452,8.232,11.255,17.857,19.86,21.391,24.788,26.094,24.442,22.058,19.635,17.224,15.255,14.104,15.532,14.781,12.917,12.144
Estonia,EST,"Unemployment, total (% of total labor force) (modeled ILO estimate)",SL.UEM.TOTL.ZS,1.468,3.681,6.544,7.561,9.659,9.915,10.369,9.51,11.573,13.36,13.135,10.026,11.288,10.248,8.033,5.915,4.592,5.455,13.548,16.707,12.328,10.021,8.631,7.352,6.412,6.882,5.807,5.412,4.514,6.956,6.178,5.571,6.345
Ethiopia,ETH,"Unemployment, total (% of total labor force) (modeled ILO estimate)",SL.UEM.TOTL.ZS,3.259,3.382,3.236,3.1,3.021,3.137,3.245,3.489,3.714,3.502,3.174,3.061,3.002,2.771,2.497,2.346,2.344,2.333,2.331,2.299,2.274,2.255,2.251,2.364,2.45,2.566,2.678,2.825,2.945,4.024,3.935,3.493,3.497
European Union,EUU,"Unemployment, total (% of total labor force) (modeled ILO estimate)",SL.UEM.TOTL.ZS,8.596072202,9.250363317,10.84493724,11.51985327,11.08364802,11.11213836,10.90206386,10.49254369,10.19480559,9.824088684,9.20322075,9.552460942,9.661157046,9.881525817,9.625546084,8.675672833,7.495612108,7.248985537,9.174994265,9.853586653,9.895288067,10.8676961,11.32056095,10.81802419,10.02022845,9.103486383,8.119401244,7.25186197,6.674263316,7.042400851,7.022608131,6.147075951,6.019508355
Fragile and conflict affected situations,FCS,"Unemployment, total (% of total labor force) (modeled ILO estimate)",SL.UEM.TOTL.ZS,4.435457965,4.390320537,4.41006229,4.516592485,5.029970916,5.325042526,5.441041915,5.70979199,5.964678419,5.955554943,5.872810191,5.863755685,5.737438961,5.57431444,5.232491827,5.088905991,5.008542274,5.048337187,5.133475302,5.216872228,5.259218095,5.337368265,5.33606409,5.47976438,5.561565469,5.689246408,5.894832771,5.874516732,5.894096583,6.669492746,6.773159608,5.758277067,5.615916417
Finland,FIN,"Unemployment, total (% of total labor force) (modeled ILO estimate)",SL.UEM.TOTL.ZS,6.503,11.595,16.201,16.426,17.005,15.572,14.968,13.215,11.693,11.135,10.291,10.423,10.469,10.358,8.384,7.719,6.854,6.369,8.25,8.394,7.781,7.689,8.193,8.663,9.376,8.818,8.64,7.361,6.695,7.759,7.606,6.719,7.155
Fiji,FJI,"Unemployment, total (% of total labor force) (modeled ILO estimate)",SL.UEM.TOTL.ZS,4.633,4.657,4.71,4.623,4.674,4.649,4.741,4.758,4.709,4.705,4.698,4.77,4.739,4.7,3.886,3.957,4.103,4.182,4.302,4.342,4.406,4.375,4.356,4.325,4.292,4.32,4.328,4.34,4.38,4.623,4.678,4.481,4.327
France,FRA,"Unemployment, total (% of total labor force) (modeled ILO estimate)",SL.UEM.TOTL.ZS,9.134,10.203,11.321,12.593,11.834,12.367,12.566,12.074,11.981,10.218,8.61,8.702,8.307,8.914,8.882,8.833,8.009,7.386,9.122,9.279,9.228,9.841,9.913,10.273,10.354,10.057,9.41,9.018,8.415,8.01,7.874,7.308,7.323
Faroe Islands,FRO,"Unemployment, total (% of total labor force) (modeled ILO estimate)",SL.UEM.TOTL.ZS,,,,,,,,,,,,,,,,,,,,,,,,,,,,,,,,,
"Micronesia, Fed. Sts.",FSM,"Unemployment, total (% of total labor force) (modeled ILO estimate)",SL.UEM.TOTL.ZS,,,,,,,,,,,,,,,,,,,,,,,,,,,,,,,,,
Gabon,GAB,"Unemployment, total (% of total labor force) (modeled ILO estimate)",SL.UEM.TOTL.ZS,17.22,17.701,17.78,17.805,17.414,17.354,17.201,17.184,17.599,17.827,17.801,17.372,17.129,17.104,16.91,17.792,18.258,19.197,19.754,20.39,19.929,19.713,19.788,19.922,19.994,20.165,20.351,20.502,20.426,21.273,21.233,20.501,20.361
United Kingdom,GBR,"Unemployment, total (% of total labor force) (modeled ILO estimate)",SL.UEM.TOTL.ZS,8.55,9.772,10.346,9.648,8.694,8.189,7.072,6.198,6.042,5.558,4.696,5.037,4.807,4.594,4.751,5.35,5.262,5.615,7.537,7.787,8.038,7.885,7.525,6.11,5.301,4.81,4.33,3.996,3.737,4.472,4.826,3.73,4.055
Georgia,GEO,"Unemployment, total (% of total labor force) (modeled ILO estimate)",SL.UEM.TOTL.ZS,2.7,5.4,5.4,8.4,7.6,11.5,11.5,14.53,13.8,10.82,11.16,12.59,11.51,12.62,13.81,13.57,13.28,17.87,20.71,20.203,19.632,19.653,19.416,17.439,16.506,16.604,13.939,12.667,11.565,11.73,11.794,11.657,11.622
Ghana,GHA,"Unemployment, total (% of total labor force) (modeled ILO estimate)",SL.UEM.TOTL.ZS,3.489,4.7,5.238,5.895,6.479,7.084,7.637,8.2,10.1,10.456,9.604,8.698,7.722,6.757,5.817,4.897,5.092,5.142,5.349,5.384,4.227,3.141,2.173,4.412,6.806,5.237,3.369,3.251,3.156,3.285,3.338,3.084,3.079
Gibraltar,GIB,"Unemployment, total (% of total labor force) (modeled ILO estimate)",SL.UEM.TOTL.ZS,,,,,,,,,,,,,,,,,,,,,,,,,,,,,,,,,
Guinea,GIN,"Unemployment, total (% of total labor force) (modeled ILO estimate)",SL.UEM.TOTL.ZS,4.519,4.549,4.527,4.481,4.437,4.461,4.423,4.461,4.488,4.591,4.595,4.549,4.651,4.757,4.899,4.958,4.834,4.844,4.991,5.129,5.123,4.891,4.977,5.108,5.251,5.019,4.815,4.771,5.018,5.993,5.767,5.328,5.297
"Gambia, The",GMB,"Unemployment, total (% of total labor force) (modeled ILO estimate)",SL.UEM.TOTL.ZS,9.561,9.681,9.727,9.862,9.983,10.036,9.866,9.784,9.643,9.639,9.571,9.965,9.93,9.897,9.878,10.196,10.383,10.041,9.769,9.673,10.269,10.346,9.468,8.224,7.271,6.299,5.162,4.127,4.532,5.858,6.206,6.082,6.479
Guinea-Bissau,GNB,"Unemployment, total (% of total labor force) (modeled ILO estimate)",SL.UEM.TOTL.ZS,3.066,3.13,3.179,3.203,3.168,3.063,3.03,3.416,3.558,3.576,3.195,3.222,3.284,3.28,3.221,3.204,3.202,3.218,3.21,3.197,3.144,3.207,3.226,3.316,3.224,3.192,3.137,3.196,3.219,3.614,3.628,3.204,3.183
Equatorial Guinea,GNQ,"Unemployment, total (% of total labor force) (modeled ILO estimate)",SL.UEM.TOTL.ZS,7.285,7.487,7.639,7.745,7.787,7.84,7.881,7.933,8.002,8.033,8.16,8.245,8.265,8.166,8.12,8.024,7.974,7.943,8.098,8.292,8.234,8.116,8.039,8.044,8.178,8.232,8.329,8.256,8.367,9.075,9.194,8.746,8.666
Greece,GRC,"Unemployment, total (% of total labor force) (modeled ILO estimate)",SL.UEM.TOTL.ZS,7.572,8.927,10.177,9.808,10.117,10.402,10.472,12.227,12.138,11.345,10.764,10.346,9.839,10.628,10.074,8.906,8.351,7.664,9.546,12.719,17.973,24.731,27.686,26.708,24.981,23.514,21.414,19.179,17.045,15.899,14.657,12.426,10.997
Grenada,GRD,"Unemployment, total (% of total labor force) (modeled ILO estimate)",SL.UEM.TOTL.ZS,,,,,,,,,,,,,,,,,,,,,,,,,,,,,,,,,
Greenland,GRL,"Unemployment, total (% of total labor force) (modeled ILO estimate)",SL.UEM.TOTL.ZS,,,,,,,,,,,,,,,,,,,,,,,,,,,,,,,,,
Guatemala,GTM,"Unemployment, total (% of total labor force) (modeled ILO estimate)",SL.UEM.TOTL.ZS,2.675,2.631,2.593,2.576,2.573,2.623,2.608,2.608,2.566,2.605,2.746,2.748,2.807,2.971,3.06,2.95,2.825,2.874,3.209,3.497,3.171,2.765,3.017,2.717,2.506,2.583,2.462,2.283,2.193,2.953,2.174,3.051,2.705
Guam,GUM,"Unemployment, total (% of total labor force) (modeled ILO estimate)",SL.UEM.TOTL.ZS,3.509,3.837,5.527,7.6,7.9,8.283,9.67,7.74,13.95,15.32,13.213,11.39,9.691,7.7,7,7.4,8.3,8.889,9.3,8.2,13.3,12.2,11.5,7.6,6.9,5.4,5.417,5.447,5.402,6.227,6.001,5.527,5.418
Guyana,GUY,"Unemployment, total (% of total labor force) (modeled ILO estimate)",SL.UEM.TOTL.ZS,12.046,11.9,11.668,11.598,11.622,11.602,11.62,11.718,11.785,11.901,11.802,11.81,11.532,11.279,11.066,10.7,10.891,11.111,11.42,11.758,11.977,12.231,12.528,12.887,13.273,13.563,13.813,14.019,13.525,15.701,14.927,12.423,12.43
High income,HIC,"Unemployment, total (% of total labor force) (modeled ILO estimate)",SL.UEM.TOTL.ZS,6.684415424,7.184089681,7.768965945,8.029053659,7.824272727,7.816950816,7.812509757,7.892833051,7.776431893,7.139745508,6.911144773,7.22372836,7.343379899,7.148247295,6.81782512,6.336028176,5.721237182,5.95501171,8.040028633,8.190265009,7.821804177,7.734505068,7.644365186,7.062042259,6.575993248,6.135067861,5.590480041,5.084239379,4.761291865,6.454546729,5.557489786,4.493893469,4.387006038
"Hong Kong SAR, China",HKG,"Unemployment, total (% of total labor force) (modeled ILO estimate)",SL.UEM.TOTL.ZS,1.8,1.96,1.96,1.9,3.22,2.83,2.22,4.58,6.25,4.92,5.09,7.28,7.86,6.74,5.58,4.77,4.01,3.56,5.26,4.329,3.422,3.285,3.4,3.296,3.314,3.392,3.124,2.805,2.917,5.808,5.174,4.318,3.931
Honduras,HND,"Unemployment, total (% of total labor force) (modeled ILO estimate)",SL.UEM.TOTL.ZS,4.58,3.06,3.097,3.136,3.24,4.37,3.32,4.02,3.85,3.881,4,4.02,5.3,5.99,4.909,3.575,3.211,3.156,3.292,4.119,4.475,3.755,5.646,7.078,6.147,6.727,5.528,5.622,5.551,10.679,7.94,7.037,6.062
Heavily indebted poor countries (HIPC),HPC,"Unemployment, total (% of total labor force) (modeled ILO estimate)",SL.UEM.TOTL.ZS,5.051510469,5.163599727,5.168872539,5.118323528,4.946870527,4.919190013,4.85876106,4.925740364,5.077298707,5.12819238,5.060057494,5.030120434,4.983316416,4.845265581,4.682798076,4.594237937,4.542283447,4.521893862,4.589425579,4.803982452,4.765866817,4.585374696,4.355884759,4.372046893,4.536514044,4.503072796,4.529737894,4.428701828,4.422645141,5.149285411,5.002778648,4.534132529,4.624538711
Croatia,HRV,"Unemployment, total (% of total labor force) (modeled ILO estimate)",SL.UEM.TOTL.ZS,11.14,10.934,10.709,10.332,9.995,9.68,9.71,11.392,13.559,16.064,15.822,15.053,13.924,13.664,12.598,11.13,9.909,8.53,9.202,11.62,13.678,15.935,17.251,17.29,16.175,13.103,11.208,8.432,6.617,7.507,7.608,6.96,6.063
Haiti,HTI,"Unemployment, total (% of total labor force) (modeled ILO estimate)",SL.UEM.TOTL.ZS,7.327,7.405,7.582,7.97,7.56,7.319,6.968,7.159,7.2,8.441,9.744,11.044,12.184,13.458,14.589,15.914,16.8,16.194,15.342,15.255,14.482,14.1,13.639,13.766,13.745,13.888,13.929,13.937,14.133,15.56,15.253,14.719,14.623
Hungary,HUN,"Unemployment, total (% of total labor force) (modeled ILO estimate)",SL.UEM.TOTL.ZS,8.5,9.942,12.098,10.847,10.168,10.022,8.991,8.925,6.929,6.563,5.671,5.608,5.79,5.832,7.189,7.494,7.406,7.817,10.03,11.172,11.029,11.003,10.177,7.725,6.813,5.115,4.156,3.709,3.419,4.25,4.045,3.609,4.126
IBRD only,IBD,"Unemployment, total (% of total labor force) (modeled ILO estimate)",SL.UEM.TOTL.ZS,4.743717798,4.794919605,5.016308473,5.399782401,5.75412883,5.884570375,6.021653692,6.279273563,6.560544474,6.524029306,6.703437794,6.95062019,7.071512007,6.961335395,6.927435313,6.688547228,6.491515124,6.44317636,6.747023253,6.511478007,6.370517096,6.263980065,6.25291144,6.217400413,6.339557593,6.43501732,6.383657852,6.251042285,6.03343539,6.901149301,6.266358049,5.54294375,5.119371844
IDA & IBRD total,IBT,"Unemployment, total (% of total labor force) (modeled ILO estimate)",SL.UEM.TOTL.ZS,4.626564288,4.679065435,4.879310975,5.202662264,5.485985854,5.600679242,5.709119357,5.935990969,6.180509806,6.148777465,6.290145577,6.484386968,6.572351817,6.458131512,6.404896571,6.177120081,6.011874435,5.98104223,6.233970386,6.024904696,5.913759543,5.891387535,5.844991482,5.790805874,5.948125778,5.995136678,5.992716485,5.902750758,5.757124299,6.605125817,6.125997558,5.423487634,5.080187355
IDA total,IDA,"Unemployment, total (% of total labor force) (modeled ILO estimate)",SL.UEM.TOTL.ZS,4.04905615,4.113006973,4.217714817,4.260640645,4.213231822,4.269232373,4.255811534,4.353356585,4.438539949,4.444112571,4.439423398,4.427274951,4.399260665,4.294201387,4.184021524,4.024619224,4.011645563,4.076936511,4.147388804,4.077740607,4.110110323,4.438229652,4.276897486,4.17076476,4.484489497,4.375586706,4.583455713,4.669956453,4.797651609,5.612674796,5.658217578,5.032833817,4.95281978
IDA blend,IDB,"Unemployment, total (% of total labor force) (modeled ILO estimate)",SL.UEM.TOTL.ZS,2.95076002,3.039403017,3.304209714,3.495364903,3.577896042,3.738049075,3.726584319,3.871889109,3.859576174,3.732667634,3.605513869,3.401533106,3.253556835,3.091207273,3.012615846,2.903556706,2.742128205,2.779369536,2.841354792,2.902351533,2.931926641,3.960817328,3.678714835,3.329797754,4.065318891,3.73569867,4.339480887,4.81834732,5.202601954,6.037220747,6.035065083,5.148425014,4.810369996
Indonesia,IDN,"Unemployment, total (% of total labor force) (modeled ILO estimate)",SL.UEM.TOTL.ZS,2.617,2.734,2.782,4.366,4.611,4.861,4.684,5.459,6.358,6.078,6.082,6.604,6.658,7.303,7.945,7.551,8.06,7.209,6.106,5.614,5.153,4.468,4.336,4.049,4.514,4.301,3.783,4.387,3.59,4.255,3.827,3.462,3.417
IDA only,IDX,"Unemployment, total (% of total labor force) (modeled ILO estimate)",SL.UEM.TOTL.ZS,4.524827488,4.578789944,4.612004814,4.590862426,4.486371785,4.499829627,4.488053421,4.564731153,4.694009056,4.760764917,4.812960549,4.887494702,4.913796778,4.835269744,4.709775628,4.527782953,4.583894016,4.663838722,4.742100601,4.616566166,4.651297456,4.658521642,4.553041136,4.557087699,4.678125368,4.669168081,4.694106727,4.603106628,4.614873345,5.420755282,5.486518886,4.980091822,5.017920411
Isle of Man,IMN,"Unemployment, total (% of total labor force) (modeled ILO estimate)",SL.UEM.TOTL.ZS,,,,,,,,,,,,,,,,,,,,,,,,,,,,,,,,,
India,IND,"Unemployment, total (% of total labor force) (modeled ILO estimate)",SL.UEM.TOTL.ZS,6.85,6.853,6.859,6.828,6.99,7.147,7.335,7.517,7.682,7.856,8.039,8.248,8.397,8.551,8.697,8.614,8.534,8.486,8.406,8.318,8.222,8.156,8.088,7.992,7.894,7.8,7.723,7.652,6.51,7.859,6.38,4.822,4.172
Not classified,INX,"Unemployment, total (% of total labor force) (modeled ILO estimate)",SL.UEM.TOTL.ZS,,,,,,,,,,,,,,,,,,,,,,,,,,,,,,,,,
Ireland,IRL,"Unemployment, total (% of total labor force) (modeled ILO estimate)",SL.UEM.TOTL.ZS,15.771,15.021,15.571,14.544,11.97,11.692,10.192,7.699,5.804,4.318,3.684,4.216,4.478,4.491,4.343,4.415,4.98,6.774,12.609,14.534,15.354,15.451,13.735,11.858,9.908,8.374,6.713,5.741,4.95,5.623,6.194,4.479,4.34
"Iran, Islamic Rep.",IRN,"Unemployment, total (% of total labor force) (modeled ILO estimate)",SL.UEM.TOTL.ZS,11.1,10.659,10.574,10.449,9.895,9.1,9.69,10.367,11.176,11.699,12.356,12.8,11.528,10.3,11.813,11.519,10.772,10.63,12.113,13.679,12.491,12.275,10.595,10.68,11.166,12.618,12.232,12.195,10.74,9.687,9.282,9.085,9.103
Iraq,IRQ,"Unemployment, total (% of total labor force) (modeled ILO estimate)",SL.UEM.TOTL.ZS,8.714,8.434,8.442,8.298,8.488,8.559,8.319,8.126,8.042,8.095,8.288,8.636,8.965,8.736,8.596,8.434,8.646,8.467,8.41,8.262,8.186,7.965,9.208,10.59,10.838,10.82,13.02,13.509,14.142,15.776,16.173,15.588,15.529
Iceland,ISL,"Unemployment, total (% of total labor force) (modeled ILO estimate)",SL.UEM.TOTL.ZS,2.548,4.305,5.257,5.326,5.196,3.6,3.72,3.069,2.178,1.936,1.874,2.988,3.997,4.031,2.547,2.83,2.251,2.946,7.22,7.564,7.028,6,5.376,4.897,3.979,2.978,2.742,2.704,3.507,5.478,6.029,3.789,3.562
Israel,ISR,"Unemployment, total (% of total labor force) (modeled ILO estimate)",SL.UEM.TOTL.ZS,13.387,14.08,12.741,9.934,8.782,8.455,9.751,10.749,11.183,11.102,11.812,12.888,13.505,13.029,11.342,10.707,9.379,7.704,9.534,8.48,7.139,6.762,6.137,5.789,5.176,4.723,4.14,3.917,3.731,4.169,4.812,3.695,3.389
Italy,ITA,"Unemployment, total (% of total labor force) (modeled ILO estimate)",SL.UEM.TOTL.ZS,10.097,9.321,10.212,11.086,11.661,11.864,11.985,12.117,11.681,10.834,9.599,9.211,8.869,7.866,7.731,6.777,6.076,6.723,7.749,8.363,8.359,10.655,12.149,12.683,11.896,11.688,11.211,10.61,9.952,9.164,9.497,8.069,7.618
Jamaica,JAM,"Unemployment, total (% of total labor force) (modeled ILO estimate)",SL.UEM.TOTL.ZS,6.281,6.438,6.284,6.388,6.378,6.675,6.758,6.915,6.875,6.807,6.686,6.654,6.563,6.562,6.596,6.619,6.614,6.666,7.314,7.63,8.034,8.695,9.698,9.046,8.824,8.634,7.399,5.47,4.987,6.501,5.188,4.083,4.417
Jordan,JOR,"Unemployment, total (% of total labor force) (modeled ILO estimate)",SL.UEM.TOTL.ZS,21.311,19.93,19.7,16.915,14.6,13.7,13.737,13.832,13.759,13.7,14.7,15.3,14.5,14.619,14.8,14,13.1,12.7,12.9,12.5,12.9,12.2,12.6,11.9,13.075,15.275,18.12,18.257,16.801,19.213,19.837,18.2,17.944
Japan,JPN,"Unemployment, total (% of total labor force) (modeled ILO estimate)",SL.UEM.TOTL.ZS,2.059,2.158,2.539,2.89,3.15,3.383,3.374,4.078,4.677,4.748,5.02,5.386,5.251,4.734,4.446,4.192,3.888,4.002,5.068,5.103,4.55,4.358,4.038,3.589,3.385,3.132,2.822,2.467,2.351,2.809,2.828,2.6,2.575
Kazakhstan,KAZ,"Unemployment, total (% of total labor force) (modeled ILO estimate)",SL.UEM.TOTL.ZS,0.9,1,1.11,7.54,10.98,12.96,13.01,13.13,13.46,12.75,10.43,9.33,8.78,8.4,8.13,7.79,7.26,6.63,6.55,5.77,5.39,5.29,5.2,5.06,4.93,4.96,4.9,4.85,4.8,4.89,5.556,4.86,4.847
Kenya,KEN,"Unemployment, total (% of total labor force) (modeled ILO estimate)",SL.UEM.TOTL.ZS,2.788,2.893,2.97,2.947,2.847,2.777,2.819,2.841,2.877,2.876,2.868,2.903,2.86,2.836,2.739,2.678,2.65,2.752,2.813,2.793,2.706,2.686,2.764,2.768,2.763,2.757,3.54,4.284,5.014,5.621,5.693,5.805,5.682
Kyrgyz Republic,KGZ,"Unemployment, total (% of total labor force) (modeled ILO estimate)",SL.UEM.TOTL.ZS,1,1.1,1.223,1.34,1.435,1.512,1.577,1.666,1.768,1.873,1.966,2.07,2.165,2.26,2.358,2.462,2.558,2.639,2.738,2.856,2.962,3.07,3.146,3.253,3.346,3.466,3.568,3.673,4.252,4.63,4.096,4.055,4.038
Cambodia,KHM,"Unemployment, total (% of total labor force) (modeled ILO estimate)",SL.UEM.TOTL.ZS,0.761,0.746,0.734,0.99,0.974,0.963,0.638,0.712,0.727,0.746,0.775,0.853,0.909,1.005,1.067,1.154,1.257,0.825,0.579,0.771,0.577,0.496,0.438,0.692,0.393,0.716,0.141,0.13,0.12,0.172,0.396,0.247,0.239
Kiribati,KIR,"Unemployment, total (% of total labor force) (modeled ILO estimate)",SL.UEM.TOTL.ZS,,,,,,,,,,,,,,,,,,,,,,,,,,,,,,,,,
St. Kitts and Nevis,KNA,"Unemployment, total (% of total labor force) (modeled ILO estimate)",SL.UEM.TOTL.ZS,,,,,,,,,,,,,,,,,,,,,,,,,,,,,,,,,
"Korea, Rep.",KOR,"Unemployment, total (% of total labor force) (modeled ILO estimate)",SL.UEM.TOTL.ZS,2.407,2.513,2.878,2.476,2.063,2.048,2.608,6.963,6.342,4.063,3.699,3.046,3.348,3.42,3.482,3.254,3.013,2.959,3.363,3.324,2.992,2.812,2.747,3.082,3.546,3.65,3.653,3.824,3.746,3.931,3.639,2.857,2.642
Kuwait,KWT,"Unemployment, total (% of total labor force) (modeled ILO estimate)",SL.UEM.TOTL.ZS,0.888,0.879,0.8,0.7,0.694,0.7,0.7,0.7,0.7,0.8,0.8,1.1,1.3,1.7,1.457,1.3,1.5,1.75,1.64,1.82,2.056,2.234,2.476,2.9,2.2,2.16,2.223,2.198,2.239,3.535,2.997,2.124,2.076
Latin America & Caribbean (excluding high income),LAC,"Unemployment, total (% of total labor force) (modeled ILO estimate)",SL.UEM.TOTL.ZS,6.044813514,6.141767875,5.939196197,6.486054738,7.810290286,8.06321442,7.94142672,8.345667565,9.105118131,9.179802915,8.768604294,8.980488597,8.807609392,8.354517593,8.035731476,7.477889026,7.152832154,6.760580474,7.758323231,7.137147567,6.646038883,6.377117512,6.295588559,6.09934748,6.702021193,7.906674708,8.231944302,8.090596536,8.128513246,10.27338233,9.238851735,6.887760495,6.132137088
Lao PDR,LAO,"Unemployment, total (% of total labor force) (modeled ILO estimate)",SL.UEM.TOTL.ZS,2.485,2.702,2.727,2.631,2.6,2.453,2.36,2.303,2.165,2.057,1.891,1.785,1.646,1.503,1.35,1.198,1.066,0.941,0.833,0.708,1.055,1.398,1.755,2.117,2.491,2.88,3.269,2.896,2.528,2.314,1.997,1.209,1.181
Lebanon,LBN,"Unemployment, total (% of total labor force) (modeled ILO estimate)",SL.UEM.TOTL.ZS,8.61,8.268,8.275,8.364,8.456,8.444,8.62,8.565,8.735,8.594,8.456,8.225,8.048,7.85,8.247,8.669,8.98,7.665,6.355,6.77,7.333,7.91,8.423,8.796,9.27,9.76,10.236,10.741,11.301,13.235,12.621,11.599,11.565
Liberia,LBR,"Unemployment, total (% of total labor force) (modeled ILO estimate)",SL.UEM.TOTL.ZS,2.68,2.747,2.7,2.664,2.588,2.371,2.176,2.038,2.021,2.035,2.125,2.211,2.406,2.412,2.403,2.274,2.223,2.211,2.236,2.266,2.208,2.138,2.072,2.079,2.553,3.081,3.066,3.057,3.072,4.092,3.792,2.99,2.939
Libya,LBY,"Unemployment, total (% of total labor force) (modeled ILO estimate)",SL.UEM.TOTL.ZS,18.69,18.92,19.102,19.411,19.483,19.322,19.439,19.271,19.306,19.168,19.186,19.198,19.002,18.873,18.613,18.744,18.708,18.953,19.18,19.208,19.43,19.03,19.316,19.298,19.649,19.5,19.015,18.836,19.037,19.535,19.595,19.319,18.743
St. Lucia,LCA,"Unemployment, total (% of total labor force) (modeled ILO estimate)",SL.UEM.TOTL.ZS,16.528,16.544,16.8,17,15.83,16.33,20.47,21.6,18.09,16.49,18.556,20.39,22.18,20.97,18.7,16,14,12.72,15.37,17.116,18.86,19.06,22.21,21.592,20.851,19.928,19.136,19.329,15.613,25.225,20.514,15.934,11.092
Latin America & Caribbean,LCN,"Unemployment, total (% of total labor force) (modeled ILO estimate)",SL.UEM.TOTL.ZS,6.332655512,6.321032859,6.087898575,6.694448329,7.922553941,8.308638006,8.152885266,8.497539828,9.440888844,9.464672153,9.067956983,9.410191634,9.268500433,8.751597954,8.232264373,7.607132933,7.221937924,6.836092301,7.809249033,7.216290836,6.712880791,6.427723903,6.382924099,6.184506329,6.687166704,7.75391609,8.049644462,7.953043893,8.016580347,10.21268428,9.167557159,6.905458104,6.220895864
Least developed countries: UN classification,LDC,"Unemployment, total (% of total labor force) (modeled ILO estimate)",SL.UEM.TOTL.ZS,4.437820097,4.501209975,4.52782449,4.511445664,4.422657043,4.401717118,4.403145313,4.485709995,4.585621249,4.644684444,4.683627931,4.776274219,4.854188975,4.813666585,4.762393259,4.651372136,4.720049085,4.775720557,4.887298033,4.77488788,4.876263117,4.867657252,4.841063735,4.799490049,4.89410977,4.97735571,5.059656803,4.951267478,4.96337679,5.744228766,5.827431181,5.251295247,5.30220475
Low income,LIC,"Unemployment, total (% of total labor force) (modeled ILO estimate)",SL.UEM.TOTL.ZS,4.682492954,4.756050481,4.762678729,4.743792291,4.649785397,4.686997454,4.718234469,4.831943412,4.952595606,5.0261858,5.02005784,4.984620373,4.924139153,4.77243476,4.611191241,4.611209732,4.646746325,4.767681468,4.677523878,4.82687724,4.869966179,4.969685491,4.822861904,4.791458118,4.897413841,4.995689466,5.089209586,5.012958039,5.008268793,5.708067889,5.654376817,5.149262663,5.311432483
Liechtenstein,LIE,"Unemployment, total (% of total labor force) (modeled ILO estimate)",SL.UEM.TOTL.ZS,,,,,,,,,,,,,,,,,,,,,,,,,,,,,,,,,
Sri Lanka,LKA,"Unemployment, total (% of total labor force) (modeled ILO estimate)",SL.UEM.TOTL.ZS,14.661,14.22,13.82,13.03,12.27,11.35,10.6,9.17,8.88,7.74,7.9,8.76,8.22,8.38,7.67,6.5,5.97,5.22,5.85,4.784,4.118,3.88,4.186,4.157,4.519,4.243,4.046,4.318,4.67,5.365,5.258,6.33,6.36
Lower middle income,LMC,"Unemployment, total (% of total labor force) (modeled ILO estimate)",SL.UEM.TOTL.ZS,5.617280354,5.63251838,5.75342675,5.75542273,5.828321368,5.852463601,5.978860125,6.062785556,6.188734721,6.294304387,6.396961946,6.467113191,6.561337324,6.569722132,6.626949906,6.474522977,6.3470754,6.331340725,6.355344529,6.194117423,6.24791798,6.384533841,6.320301355,6.214772762,6.334385949,6.182280543,6.220110043,6.144584758,5.642870593,6.702322453,6.05135761,4.940165479,4.49909171
Low & middle income,LMY,"Unemployment, total (% of total labor force) (modeled ILO estimate)",SL.UEM.TOTL.ZS,4.427886457,4.487000867,4.672383449,4.923446608,5.189202766,5.307321115,5.379261948,5.587324082,5.789750883,5.805308294,5.996619717,6.210043484,6.308000442,6.215345858,6.221764957,6.03146571,5.940770809,5.930159415,6.109226048,5.908406133,5.821960686,5.832696091,5.776349125,5.741887107,5.913213324,5.981925559,6.00338297,5.928392174,5.789351217,6.614728874,6.147954031,5.452796774,5.098924289
Lesotho,LSO,"Unemployment, total (% of total labor force) (modeled ILO estimate)",SL.UEM.TOTL.ZS,15.449,15.405,15.531,15.587,15.771,15.681,15.796,15.887,16.145,16.143,16.05,16.045,16.019,16.121,15.994,16.02,15.905,15.812,16.089,16.044,16.098,15.733,15.907,16.056,16.223,16.139,16.391,16.637,16.876,18.351,18.129,16.668,16.46
Late-demographic dividend,LTE,"Unemployment, total (% of total labor force) (modeled ILO estimate)",SL.UEM.TOTL.ZS,3.673488698,3.679510231,3.890748946,4.29147232,4.458161497,4.645584972,4.906253452,5.165951391,5.408993814,5.260838481,5.433876888,5.624052019,5.860882381,5.684218922,5.607510929,5.358492019,5.096983346,5.124628323,5.553093906,5.227675376,5.096666699,5.012490857,4.994284002,4.923250434,5.098161783,5.272042395,5.265636708,5.045782132,5.189043412,5.928785936,5.5093142,5.205297798,4.8421478
Lithuania,LTU,"Unemployment, total (% of total labor force) (modeled ILO estimate)",SL.UEM.TOTL.ZS,1.1,1.2,13.8,13.8,17.54,16.4,14.13,13.711,13.388,15.931,16.84,13.008,12.875,10.684,8.325,5.78,4.25,5.826,13.785,17.814,15.39,13.365,11.77,10.698,9.12,7.862,7.073,6.147,6.255,8.487,7.112,5.956,6.962
Luxembourg,LUX,"Unemployment, total (% of total labor force) (modeled ILO estimate)",SL.UEM.TOTL.ZS,1.482,2.029,2.33,3.48,2.918,3.286,2.527,2.763,2.39,2.345,1.805,2.621,3.675,5.113,4.488,4.731,4.065,5.06,5.122,4.361,4.902,5.14,5.848,5.852,6.669,6.291,5.522,5.585,5.595,6.773,5.247,4.585,5.188
Latvia,LVA,"Unemployment, total (% of total labor force) (modeled ILO estimate)",SL.UEM.TOTL.ZS,2.7,6.6,16.7,18.7,19,20.7,14.9,14.454,13.79,14.211,13.821,13.829,12.061,11.708,10.033,7.03,6.052,7.739,17.515,19.482,16.206,15.047,11.867,10.846,9.873,9.643,8.715,7.412,6.312,8.098,7.513,6.815,6.534
"Macao SAR, China",MAC,"Unemployment, total (% of total labor force) (modeled ILO estimate)",SL.UEM.TOTL.ZS,3.01,2.197,2.057,2.48,3.581,4.249,3.261,4.607,6.348,6.874,6.393,6.267,5.995,4.905,4.158,3.822,3.27,2.999,3.58,2.84,2.56,1.97,1.82,1.67,1.81,1.939,1.987,1.834,1.749,2.566,2.252,2.476,2.246
St. Martin (French part),MAF,"Unemployment, total (% of total labor force) (modeled ILO estimate)",SL.UEM.TOTL.ZS,,,,,,,,,,,,,,,,,,,,,,,,,,,,,,,,,
Morocco,MAR,"Unemployment, total (% of total labor force) (modeled ILO estimate)",SL.UEM.TOTL.ZS,13.59,13.85,14.076,13.917,14.089,13.434,14.04,13.411,13.94,13.58,12.46,11.59,11.92,10.83,11.01,9.67,9.56,9.57,8.96,9.09,8.91,8.99,9.23,9.7,9.46,9.3,9.229,9.282,9.21,11.203,10.539,9.53,9.114
Monaco,MCO,"Unemployment, total (% of total labor force) (modeled ILO estimate)",SL.UEM.TOTL.ZS,,,,,,,,,,,,,,,,,,,,,,,,,,,,,,,,,
Moldova,MDA,"Unemployment, total (% of total labor force) (modeled ILO estimate)",SL.UEM.TOTL.ZS,1.9,3.7,3.7,5.8,5.3,7.9,7.9,10,11.14,8.539,7.366,6.845,6.378,6.374,5.633,4.26,2.749,2.097,3.024,2.972,2.677,2.19,1.894,1.451,1.781,1.591,1.622,1.239,1.502,1.206,0.794,0.909,1.623
Madagascar,MDG,"Unemployment, total (% of total labor force) (modeled ILO estimate)",SL.UEM.TOTL.ZS,6.14,6.251,6.3,6.09,6.078,6.082,5.963,5.896,5.82,5.8,5.35,5.52,5.01,3.952,2.62,2.945,3.2,3.428,3.883,4.28,2.518,0.599,0.995,1.385,1.785,1.944,2.113,2.289,2.46,3.246,3.415,3.186,3.061
Maldives,MDV,"Unemployment, total (% of total labor force) (modeled ILO estimate)",SL.UEM.TOTL.ZS,0.795,0.796,0.792,0.791,0.79,1.023,1.257,1.491,1.728,1.97,3.062,4.142,5.201,6.256,7.394,8.478,9.537,10.515,11.697,10.851,10.01,9.142,8.298,7.461,6.612,5.77,5.376,4.959,4.562,5.404,5.021,4.424,4.127
Middle East & North Africa,MEA,"Unemployment, total (% of total labor force) (modeled ILO estimate)",SL.UEM.TOTL.ZS,11.21858041,11.35330397,11.97831519,11.95907281,12.23591285,11.19321499,10.9744801,11.08372342,11.40145082,11.89961046,11.95377953,12.10147466,11.82598609,10.71398397,10.83521221,10.14655341,9.618442661,9.273379258,9.423505492,9.585592584,10.10840497,10.44158838,10.18058182,10.27698425,10.54103162,10.61438394,10.79746569,10.40348094,9.75438802,10.49328368,10.10860054,9.556759969,9.22527629
Mexico,MEX,"Unemployment, total (% of total labor force) (modeled ILO estimate)",SL.UEM.TOTL.ZS,3.145,3.235,3.365,4.436,7.095,5.465,4.235,3.733,2.598,2.646,2.627,3.003,3.455,3.937,3.558,3.566,3.628,3.874,5.356,5.303,5.175,4.892,4.921,4.819,4.311,3.853,3.419,3.275,3.477,4.441,4.019,3.256,2.812
Marshall Islands,MHL,"Unemployment, total (% of total labor force) (modeled ILO estimate)",SL.UEM.TOTL.ZS,,,,,,,,,,,,,,,,,,,,,,,,,,,,,,,,,
Middle income,MIC,"Unemployment, total (% of total labor force) (modeled ILO estimate)",SL.UEM.TOTL.ZS,4.410374713,4.468331512,4.666058884,4.936101179,5.227531532,5.351701682,5.426697822,5.64174771,5.85044591,5.862196264,6.068716927,6.301848485,6.413170638,6.326554592,6.347736426,6.143977518,6.044518499,6.024732906,6.227353263,5.999102674,5.903073314,5.907097299,5.859713274,5.826188203,6.00433935,6.072052178,6.088596723,6.015355482,5.864934245,6.705382594,6.197700772,5.484015493,5.076885463
North Macedonia,MKD,"Unemployment, total (% of total labor force) (modeled ILO estimate)",SL.UEM.TOTL.ZS,24.5,26.3,27.7,30,35.6,38.8,36,34.5,32.4,32.2,30.52,31.94,36.69,37.161,37.32,36.392,35.231,33.93,32.351,33.135,31.502,31.096,29.017,28.215,26.395,24.312,22.857,21.208,17.414,16.575,15.801,14.477,13.075
Mali,MLI,"Unemployment, total (% of total labor force) (modeled ILO estimate)",SL.UEM.TOTL.ZS,1.317,1.408,1.342,1.444,1.394,1.35,1.34,1.269,1.287,1.347,1.264,1.297,1.206,1.36,1.325,1.384,1.366,1.394,1.398,1.382,1.408,1.49,1.54,1.492,1.406,1.367,1.494,1.62,2.414,3.528,2.29,3.09,3.008
Malta,MLT,"Unemployment, total (% of total labor force) (modeled ILO estimate)",SL.UEM.TOTL.ZS,6.357,6.353,6.349,6.346,6.342,6.339,6.335,6.331,6.328,6.324,7.107,6.902,7.488,7.317,6.923,6.798,6.472,5.977,6.896,6.861,6.388,6.203,6.115,5.737,5.389,4.694,4.008,3.665,3.627,4.357,3.403,2.929,3.125
Myanmar,MMR,"Unemployment, total (% of total labor force) (modeled ILO estimate)",SL.UEM.TOTL.ZS,0.878,0.826,0.801,0.771,0.757,0.762,0.765,0.772,0.762,0.731,0.7,0.685,0.683,0.678,0.67,0.669,0.673,0.684,0.696,0.707,0.723,0.742,0.753,0.749,0.766,1.043,1.356,0.767,0.407,1.476,4.34,2.83,2.841
Middle East & North Africa (excluding high income),MNA,"Unemployment, total (% of total labor force) (modeled ILO estimate)",SL.UEM.TOTL.ZS,11.88654045,12.0563953,12.85290891,12.9519196,13.36359513,12.21075885,11.95739951,12.10187345,12.48894023,13.08916629,13.14295936,13.24806103,12.87932315,11.55955342,11.76284762,11.01232474,10.54884046,10.34827784,10.50176821,10.76901579,11.49891738,12.0216658,11.76550319,11.90954902,12.36752826,12.51661502,12.71769958,12.26359961,11.49908453,12.05438453,11.7053722,11.17774375,10.87444589
Montenegro,MNE,"Unemployment, total (% of total labor force) (modeled ILO estimate)",SL.UEM.TOTL.ZS,29.933,30.128,30.401,30.366,30.178,29.837,29.844,29.936,30.191,30.249,30.308,30.277,30.318,30.315,30.31,24.843,19.4,17.15,19.09,19.649,19.759,19.808,19.585,18.054,17.555,17.732,16.082,15.19,15.128,17.878,16.543,15.288,15.254
Mongolia,MNG,"Unemployment, total (% of total labor force) (modeled ILO estimate)",SL.UEM.TOTL.ZS,5.687,5.866,5.861,5.709,5.5,5.533,5.611,5.751,5.84,5.985,6.107,6.2,6.768,6.852,7.015,7.193,7.2,5.565,5.86,6.549,4.769,3.905,4.231,4.798,4.861,7.235,6.359,5.377,9.269,6.594,7.747,6.211,6.134
Northern Mariana Islands,MNP,"Unemployment, total (% of total labor force) (modeled ILO estimate)",SL.UEM.TOTL.ZS,,,,,,,,,,,,,,,,,,,,,,,,,,,,,,,,,
Mozambique,MOZ,"Unemployment, total (% of total labor force) (modeled ILO estimate)",SL.UEM.TOTL.ZS,2.825,2.996,2.872,2.856,2.755,2.752,2.7,2.646,2.675,2.831,2.84,2.906,2.869,2.958,3.029,3.027,3.065,3.095,3.182,3.24,3.279,3.305,3.338,3.378,3.426,3.48,3.543,3.602,3.632,3.877,3.984,3.621,3.535
Mauritania,MRT,"Unemployment, total (% of total labor force) (modeled ILO estimate)",SL.UEM.TOTL.ZS,9.888,9.954,9.757,9.873,9.674,9.673,9.694,9.863,9.912,9.903,10.002,10.076,9.817,9.696,9.538,9.287,9.455,9.681,10.155,10.054,9.956,9.865,9.931,10.03,10.109,10.286,10.336,10.438,10.416,11.01,11.068,10.602,10.512
Mauritius,MUS,"Unemployment, total (% of total labor force) (modeled ILO estimate)",SL.UEM.TOTL.ZS,9.541,9.473,9.529,9.531,9.59,9.502,9.383,9.26,9.275,9.132,9.14,8.205,8.314,8.337,9.524,9.04,8.475,7.17,7.257,7.654,7.447,7.472,7.322,7.467,7.41,6.814,6.752,6.427,6.331,8.627,7.719,6.322,6.057
Malawi,MWI,"Unemployment, total (% of total labor force) (modeled ILO estimate)",SL.UEM.TOTL.ZS,4.876,5.036,4.967,5.333,4.884,4.929,4.69,4.915,4.993,5.034,5.202,5.229,5.151,4.958,4.931,4.95,4.876,4.801,4.74,4.787,4.835,4.951,4.978,4.966,4.95,5.003,5.033,5.003,4.949,5.681,5.585,5.051,5.044
Malaysia,MYS,"Unemployment, total (% of total labor force) (modeled ILO estimate)",SL.UEM.TOTL.ZS,3.694,3.71,4.11,3.64,3.15,2.52,2.45,3.2,3.43,3,3.53,3.48,3.61,3.54,3.53,3.32,3.23,3.32,3.66,3.39,3.05,3.1,3.16,2.88,3.1,3.44,3.41,3.3,3.26,4.54,4.64,3.93,3.855
North America,NAC,"Unemployment, total (% of total labor force) (modeled ILO estimate)",SL.UEM.TOTL.ZS,7.163775635,7.876454987,7.353954628,6.549596386,6.034158631,5.866416037,5.407759529,4.886961362,4.555967238,4.276767643,4.982944862,5.977404492,6.155387351,5.703424978,5.259601073,4.817925233,4.784168062,5.837046439,9.169320014,9.476347658,8.806746737,7.995439225,7.349603871,6.261482663,5.461802756,5.105476695,4.581596198,4.108738076,3.892411941,8.231289835,5.592996057,3.833748351,3.824805144
Namibia,NAM,"Unemployment, total (% of total labor force) (modeled ILO estimate)",SL.UEM.TOTL.ZS,19.14,18.922,19.096,19.4,21.319,22.837,24.45,23.083,21.67,20.3,20.986,21.51,22.068,22.09,22.105,21.861,22.11,22.004,22.253,22.12,19.479,16.771,19.028,18.521,20.799,23.352,21.739,19.877,19.945,20.966,20.877,19.748,19.422
New Caledonia,NCL,"Unemployment, total (% of total labor force) (modeled ILO estimate)",SL.UEM.TOTL.ZS,18.05,18.642,18.82,18.956,18.635,18.64,18.382,18.619,18.292,17.986,17.447,17.079,16.719,16.31,15.77,15.238,14.758,14.368,13.97,13.95,13.937,14.053,14.348,14.59,13.637,12.714,11.676,11.702,10.881,13.558,12.537,11.291,11.22
Niger,NER,"Unemployment, total (% of total labor force) (modeled ILO estimate)",SL.UEM.TOTL.ZS,1.578,1.56,1.532,1.493,1.486,1.49,1.496,1.378,1.383,1.426,1.47,1.807,2.146,2.748,3.1,2.532,2.027,1.59,1.212,0.721,0.317,2.177,1.4,0.524,0.558,0.555,0.564,0.546,0.544,0.62,0.819,0.552,0.55
Nigeria,NGA,"Unemployment, total (% of total labor force) (modeled ILO estimate)",SL.UEM.TOTL.ZS,3.741,3.705,3.92,3.959,4.041,3.944,3.873,3.836,3.898,3.87,3.827,3.618,3.594,3.556,3.69,3.718,3.767,3.771,3.751,3.739,3.77,3.76,3.711,3.903,4.137,4.498,4.826,5.065,5.206,5.712,5.393,3.827,3.074
Nicaragua,NIC,"Unemployment, total (% of total labor force) (modeled ILO estimate)",SL.UEM.TOTL.ZS,8.054,7.941,7.96,7.773,7.491,7.164,7.132,7.232,7.197,7.188,7.22,7.523,7.6,6.41,5.37,5.31,4.89,6.2,8.16,7.83,6.617,5.208,5.28,4.52,4.7,3.9,3.3,5.2,5.47,6.167,6.064,4.978,4.795
Netherlands,NLD,"Unemployment, total (% of total labor force) (modeled ILO estimate)",SL.UEM.TOTL.ZS,7.285,5.555,6.287,7.159,7.158,6.421,5.511,4.394,3.623,2.725,2.119,2.554,3.593,4.646,5.873,5.002,4.153,3.654,4.347,4.989,4.977,5.821,7.243,7.416,6.873,6.006,4.839,3.831,3.38,3.819,4.21,3.524,3.561
Norway,NOR,"Unemployment, total (% of total labor force) (modeled ILO estimate)",SL.UEM.TOTL.ZS,5.407,5.91,5.965,5.349,6.307,5.036,4.687,3.737,3.247,3.458,3.738,4.022,4.221,4.256,4.381,3.399,2.493,2.55,3.103,3.521,3.215,3.123,3.423,3.484,4.296,4.679,4.162,3.8,3.687,4.422,4.369,3.233,3.581
Nepal,NPL,"Unemployment, total (% of total labor force) (modeled ILO estimate)",SL.UEM.TOTL.ZS,10.539,10.547,10.56,10.552,10.565,10.56,10.596,10.608,10.624,10.622,10.615,10.655,10.677,10.68,10.652,10.659,10.672,10.65,10.64,10.629,10.653,10.654,10.667,10.647,10.655,10.684,10.66,10.63,10.578,13.157,12.315,10.922,10.685
Nauru,NRU,"Unemployment, total (% of total labor force) (modeled ILO estimate)",SL.UEM.TOTL.ZS,,,,,,,,,,,,,,,,,,,,,,,,,,,,,,,,,
New Zealand,NZL,"Unemployment, total (% of total labor force) (modeled ILO estimate)",SL.UEM.TOTL.ZS,10.614,10.667,9.804,8.354,6.461,6.29,6.857,7.718,7.023,6.13,5.433,5.282,4.745,4.005,3.807,3.857,3.661,4.167,6.121,6.557,6.491,6.931,5.839,5.428,5.415,5.147,4.736,4.335,4.109,4.595,3.776,3.297,3.737
OECD members,OED,"Unemployment, total (% of total labor force) (modeled ILO estimate)",SL.UEM.TOTL.ZS,6.785455368,7.274708471,7.76755807,7.838143626,7.606074759,7.553438253,7.25867476,7.229719262,7.17676863,6.769358361,6.625827842,7.13445328,7.259778924,7.18031855,6.82163914,6.332142455,5.876870051,6.196636336,8.355733224,8.501074134,8.102005336,8.085400069,7.974793703,7.40189151,6.852223599,6.435430732,5.907350324,5.469515082,5.389043538,7.141510556,6.193801306,4.984175025,4.819073157
Oman,OMN,"Unemployment, total (% of total labor force) (modeled ILO estimate)",SL.UEM.TOTL.ZS,4.148,4.258,4.106,4.17,4.262,4.345,4.278,4.342,4.417,4.396,4.337,4.374,4.653,4.756,4.64,4.391,4.3,4.142,3.991,3.925,3.928,3.727,3.516,3.43,3.392,3.266,2.524,1.8,2.052,2.94,1.9,1.514,1.46
Other small states,OSS,"Unemployment, total (% of total labor force) (modeled ILO estimate)",SL.UEM.TOTL.ZS,7.595654338,8.148161672,8.958445948,9.120286095,9.447088482,9.467509091,9.582362913,9.414542015,9.985649719,10.18112462,10.14783068,9.543829202,9.886610422,9.807269856,9.619762625,8.824049821,8.192048473,7.970668667,9.520437379,9.824841252,9.359204448,9.364630682,9.55710666,9.288351083,8.889626813,8.5703373,8.215443126,7.842841229,7.558972423,9.120840491,8.735611955,8.274026602,8.152384828
Pakistan,PAK,"Unemployment, total (% of total labor force) (modeled ILO estimate)",SL.UEM.TOTL.ZS,0.586,0.583,0.588,0.591,0.596,0.591,0.596,0.6,0.602,0.597,0.595,0.597,0.595,0.588,0.582,0.582,0.398,0.423,0.535,0.653,0.796,3.667,2.954,1.827,3.566,2.286,3.193,4.083,4.83,6.162,6.338,5.548,5.499
Panama,PAN,"Unemployment, total (% of total labor force) (modeled ILO estimate)",SL.UEM.TOTL.ZS,6.451,6.298,6.348,6.439,6.51,6.525,6.423,6.297,6.285,6.322,6.429,6.419,6.393,6.171,6.041,5.849,5.743,5.704,5.849,5.873,4.049,3.717,3.707,4.415,4.37,4.758,5.395,5.218,6.332,14.183,10.453,8.202,6.701
Peru,PER,"Unemployment, total (% of total labor force) (modeled ILO estimate)",SL.UEM.TOTL.ZS,4.961,5.098,4.828,4.526,4.737,4.95,4.784,5.11,5.02,4.965,5.067,4.84,4.15,4.71,4.87,4.17,4.08,4.03,3.96,3.6,3.477,3.238,3.575,3.208,3.272,3.741,3.691,3.492,3.379,7.179,5.097,3.85,4.82
Philippines,PHL,"Unemployment, total (% of total labor force) (modeled ILO estimate)",SL.UEM.TOTL.ZS,3.77,3.882,3.897,3.796,3.71,3.637,3.618,3.712,3.758,3.77,3.698,3.615,3.527,3.554,3.795,4.052,3.434,3.72,3.858,3.605,3.592,3.504,3.497,3.6,3.068,2.695,2.552,2.338,2.237,2.522,3.398,2.598,2.233
Palau,PLW,"Unemployment, total (% of total labor force) (modeled ILO estimate)",SL.UEM.TOTL.ZS,,,,,,,,,,,,,,,,,,,,,,,,,,,,,,,,,
Papua New Guinea,PNG,"Unemployment, total (% of total labor force) (modeled ILO estimate)",SL.UEM.TOTL.ZS,2.839,2.651,2.422,2.454,2.633,2.751,2.87,2.871,2.943,2.92,2.801,2.754,2.627,2.524,2.386,2.286,2.171,2.168,2.088,2.002,2.62,2.627,2.682,2.524,2.487,2.453,2.544,2.604,2.599,2.814,2.906,2.689,2.651
Poland,POL,"Unemployment, total (% of total labor force) (modeled ILO estimate)",SL.UEM.TOTL.ZS,13.635,13.645,14.393,14.825,13.695,12.684,10.964,9.935,12.29,16.314,18.373,19.895,19.37,19.074,17.746,13.841,9.602,7.118,8.167,9.637,9.632,10.088,10.326,8.99,7.501,6.161,4.888,3.846,3.277,3.162,3.363,2.886,2.905
Pre-demographic dividend,PRE,"Unemployment, total (% of total labor force) (modeled ILO estimate)",SL.UEM.TOTL.ZS,5.35673085,5.409511948,5.471489495,5.43798107,5.31348075,5.199217456,5.105320708,5.090944938,5.137268119,5.179338938,5.17532344,5.149634296,5.129534557,5.04953872,5.010299584,4.988431547,4.943694605,4.938540052,4.99628794,5.208178205,5.268826886,5.180993274,5.029178535,5.013674641,5.101920426,5.188683144,5.465333639,5.458514755,5.516092816,6.042727746,5.883609006,5.219427611,5.168165657
Puerto Rico,PRI,"Unemployment, total (% of total labor force) (modeled ILO estimate)",SL.UEM.TOTL.ZS,16.18,16.93,16.91,14.6,13.93,13.64,13.8,13.46,11.81,10.08,11.4,11.94,11.78,10.31,11.35,11.01,10.93,11.48,15,16.1,15.7,14.5,14.3,13.9,12,11.8,10.8,9.2,8.3,8.89,7.9,6,5.962
"Korea, Dem. People's Rep.",PRK,"Unemployment, total (% of total labor force) (modeled ILO estimate)",SL.UEM.TOTL.ZS,2.394,2.427,2.53,2.639,2.659,2.693,2.782,2.974,3.166,3.147,3.16,3.12,3.13,3.079,3.032,2.997,2.98,2.906,2.895,2.825,2.903,2.92,2.93,2.883,2.902,2.925,2.846,2.784,2.838,3.029,3.134,2.965,3.004
Portugal,PRT,"Unemployment, total (% of total labor force) (modeled ILO estimate)",SL.UEM.TOTL.ZS,3.919,3.985,5.301,6.709,7.064,7.298,6.571,4.64,4.579,3.806,3.829,4.497,6.132,6.319,7.582,7.649,7.966,7.553,9.432,10.771,12.682,15.531,16.188,13.897,12.447,11.068,8.869,6.994,6.464,6.796,6.577,6.011,6.491
Paraguay,PRY,"Unemployment, total (% of total labor force) (modeled ILO estimate)",SL.UEM.TOTL.ZS,5.1,4.98,5.06,4.41,3.4,8.15,5.36,4.417,5.343,7.61,6.206,9.393,6.814,6.513,4.825,5.277,4.713,4.415,5.46,4.569,4.67,4.086,4.385,5.034,4.556,5.255,6.138,6.217,6.595,7.548,7.311,6.755,5.779
West Bank and Gaza,PSE,"Unemployment, total (% of total labor force) (modeled ILO estimate)",SL.UEM.TOTL.ZS,10.55,10.304,10.407,10.183,10.379,10.494,10.515,10.433,10.351,10.625,21.493,27.465,23.004,23.215,20.016,19.014,18.282,22.913,20.452,21.416,17.597,19.202,19.894,20.527,23.005,23.939,25.677,26.256,25.34,25.895,26.39,24.42,
Pacific island small states,PSS,"Unemployment, total (% of total labor force) (modeled ILO estimate)",SL.UEM.TOTL.ZS,3.857170288,3.861255704,3.928205992,3.903359193,3.978472819,4.012730899,4.146776139,4.246389445,4.287536598,4.384339965,4.487925254,4.578012014,4.479090849,4.309875813,3.802708953,3.771161792,3.735302757,3.650381019,3.597749387,3.509886442,3.460607566,3.575777047,3.472504385,3.461038668,3.460482007,3.466241894,3.484188291,3.491636251,3.518514277,3.505812807,3.604744157,3.830678887,3.729420655
Post-demographic dividend,PST,"Unemployment, total (% of total labor force) (modeled ILO estimate)",SL.UEM.TOTL.ZS,6.302416055,6.919570115,7.516740669,7.508998675,7.381390222,7.557614734,7.362995022,7.39732744,7.115863638,6.533346981,6.376160851,6.766097183,6.849319348,6.656793994,6.37655047,5.964855946,5.547371083,5.886477133,8.039834147,8.31575683,8.025084235,8.08177599,7.965964579,7.44120266,6.867856299,6.40437302,5.836398333,5.288253035,4.939647767,6.707652739,5.795790662,4.509991572,4.455968738
French Polynesia,PYF,"Unemployment, total (% of total labor force) (modeled ILO estimate)",SL.UEM.TOTL.ZS,11.718,11.85,11.899,12.103,12.05,12.015,11.945,11.853,11.745,11.608,11.678,11.71,11.748,11.697,11.718,11.766,11.74,11.759,11.968,12.143,12.273,12.146,12.03,11.886,11.776,11.699,11.554,11.553,11.536,12.879,12.492,11.911,11.724
Qatar,QAT,"Unemployment, total (% of total labor force) (modeled ILO estimate)",SL.UEM.TOTL.ZS,0.87,0.87,0.87,0.87,0.87,0.87,0.87,0.87,0.87,0.87,0.87,0.87,0.87,0.87,0.87,0.87,0.52,0.31,0.31,0.45,0.56,0.48,0.28,0.2,0.17,0.15,0.14,0.11,0.1,0.14,0.14,0.13,0.13
Romania,ROU,"Unemployment, total (% of total labor force) (modeled ILO estimate)",SL.UEM.TOTL.ZS,8.244,8.26,8.24,8.17,8.01,6.74,5.515,5.63,6.239,6.969,6.562,8.112,6.95,7.719,7.174,7.27,6.413,5.788,6.859,6.959,7.177,6.794,7.096,6.802,6.812,5.901,4.927,4.187,3.912,5.035,5.59,5.614,5.595
Russian Federation,RUS,"Unemployment, total (% of total labor force) (modeled ILO estimate)",SL.UEM.TOTL.ZS,5.133,5.181,5.883,8.131,9.449,9.665,11.813,13.261,13.036,10.581,8.978,7.875,8.21,7.763,7.124,7.055,6.002,6.205,8.301,7.369,6.536,5.436,5.458,5.16,5.571,5.559,5.212,4.846,4.496,5.589,4.715,3.867,3.325
Rwanda,RWA,"Unemployment, total (% of total labor force) (modeled ILO estimate)",SL.UEM.TOTL.ZS,12.304,12.118,12.167,12.287,12.094,11.696,11.31,11.438,11.711,11.805,11.828,11.557,11.751,11.78,11.901,11.669,11.661,11.601,11.694,11.7,11.801,11.72,11.802,11.858,11.849,11.805,11.875,10.759,11.236,11.829,15.793,15.085,14.932
South Asia,SAS,"Unemployment, total (% of total labor force) (modeled ILO estimate)",SL.UEM.TOTL.ZS,6.058798562,6.052664066,6.063361996,6.029688876,6.154258891,6.259586575,6.403903261,6.546205166,6.68489913,6.814501447,6.97443274,7.171288476,7.300642027,7.405676425,7.4953952,7.353658895,7.309585023,7.307460699,7.302350779,7.070197803,7.023917254,7.279204111,7.188626616,7.000817099,7.109827099,6.915975835,6.954803489,7.00880479,6.233832315,7.550048852,6.445897193,5.145289479,4.613499404
Saudi Arabia,SAU,"Unemployment, total (% of total labor force) (modeled ILO estimate)",SL.UEM.TOTL.ZS,7.29,7.2,7.075,6.88,6.44,5.845,5.322,4.769,4.346,4.57,4.618,5.265,5.563,5.822,6.051,6.254,5.734,5.085,5.377,5.55,5.77,5.622,5.6,5.877,5.6,5.6,5.89,6.029,5.636,7.45,6.621,5.589,4.88
Sudan,SDN,"Unemployment, total (% of total labor force) (modeled ILO estimate)",SL.UEM.TOTL.ZS,14.899,14.971,14.803,14.923,14.931,14.902,14.577,14.603,14.651,14.869,14.825,14.767,14.766,14.788,14.791,14.783,14.769,14.8,13,15.156,17.44,17.068,16.414,15.558,14.512,13.812,13.206,12.605,12.014,12.368,11.466,7.53,11.449
Senegal,SEN,"Unemployment, total (% of total labor force) (modeled ILO estimate)",SL.UEM.TOTL.ZS,2.86,2.919,2.872,2.932,2.84,2.826,2.76,2.751,2.665,2.648,2.68,2.808,2.774,2.77,2.685,2.755,2.796,2.813,2.807,2.798,2.853,3.887,4.989,5.842,6.757,4.455,4.078,3.567,2.863,3.405,3.368,2.968,2.93
Singapore,SGP,"Unemployment, total (% of total labor force) (modeled ILO estimate)",SL.UEM.TOTL.ZS,2.18,3.09,3.07,3.03,3.3,3.57,2.5,3.41,4.85,3.7,3.76,5.65,5.93,5.84,5.59,4.48,3.9,3.96,5.86,4.12,3.89,3.72,3.86,3.74,3.79,4.08,4.2,3.613,3.1,4.1,4.64,3.591,3.472
Solomon Islands,SLB,"Unemployment, total (% of total labor force) (modeled ILO estimate)",SL.UEM.TOTL.ZS,1.976,1.864,1.842,1.816,1.849,1.88,2.003,2.136,2.17,2.402,2.583,2.635,2.256,2.015,1.879,1.915,1.975,1.996,2.02,1.622,1.297,0.987,0.694,0.728,0.735,0.735,0.727,0.723,0.746,0.852,0.866,1.579,1.545
Sierra Leone,SLE,"Unemployment, total (% of total labor force) (modeled ILO estimate)",SL.UEM.TOTL.ZS,4.056,4.248,4.27,4.316,4.21,4.21,4.251,4.159,4.198,4.081,4.161,3.901,3.879,3.42,3.724,3.9,4.018,4.14,4.282,4.427,4.554,4.56,4.538,4.678,4.621,4.312,3.848,3.193,3.204,3.485,3.516,3.194,3.174
El Salvador,SLV,"Unemployment, total (% of total labor force) (modeled ILO estimate)",SL.UEM.TOTL.ZS,7.53,7.88,9.94,7.68,7.65,7.68,7.98,7.1,7.3,6.96,6.96,6.2,6.9,6.8,7.22,6.57,6.41,5.88,7.33,4.893,4.297,3.843,3.693,4.154,3.998,4.418,4.385,4.006,4.17,5.008,4.327,2.999,2.758
San Marino,SMR,"Unemployment, total (% of total labor force) (modeled ILO estimate)",SL.UEM.TOTL.ZS,,,,,,,,,,,,,,,,,,,,,,,,,,,,,,,,,
Somalia,SOM,"Unemployment, total (% of total labor force) (modeled ILO estimate)",SL.UEM.TOTL.ZS,19.037,19.247,19.208,19.686,19.477,19.394,19.033,18.947,18.951,18.781,18.883,18.893,18.914,18.846,18.873,18.9,18.834,18.88,18.926,18.973,19.021,19.078,18.995,18.847,18.444,18.372,18.545,18.783,18.828,19.35,19.553,19.128,19.027
Serbia,SRB,"Unemployment, total (% of total labor force) (modeled ILO estimate)",SL.UEM.TOTL.ZS,13.348,13.447,13.555,13.509,13.4,13.2,13.8,13.7,13.7,12.6,12.8,13.8,15.2,18.5,20.85,20.85,18.06,13.67,16.116,19.204,22.959,24,22.154,19.223,17.66,15.257,13.477,12.733,10.395,9.011,10.061,8.684,8.683
Sub-Saharan Africa (excluding high income),SSA,"Unemployment, total (% of total labor force) (modeled ILO estimate)",SL.UEM.TOTL.ZS,6.359372471,6.46354369,6.494489708,6.432070419,6.302201273,6.237370311,6.212356311,6.242511828,6.35425346,6.345937677,6.258263164,6.167660934,6.100118775,5.952859152,5.843267396,5.754406717,5.710555726,5.70786356,5.790764223,6.04248261,5.956113777,5.841356033,5.664108908,5.71342634,5.887821304,5.957170687,6.044624469,6.017540202,6.13855671,6.566972842,6.696819299,6.07821917,5.968144161
South Sudan,SSD,"Unemployment, total (% of total labor force) (modeled ILO estimate)",SL.UEM.TOTL.ZS,12.203,12.267,12.102,12.224,12.238,12.217,11.909,11.939,11.989,12.205,12.166,12.116,12.118,12.142,12.145,12.137,12.121,12.15,12.319,12.35,12.48,12.754,12.578,12.462,12.355,12.876,13.079,12.918,12.642,14.204,13.868,12.395,12.271
Sub-Saharan Africa,SSF,"Unemployment, total (% of total labor force) (modeled ILO estimate)",SL.UEM.TOTL.ZS,6.359372471,6.46354369,6.494489708,6.432070419,6.302201273,6.237370311,6.212356311,6.242511828,6.35425346,6.345937677,6.258263164,6.167660934,6.100118775,5.952859152,5.843267396,5.754406717,5.710555726,5.70786356,5.790764223,6.04248261,5.956113777,5.841356033,5.664108908,5.71342634,5.887821304,5.957170687,6.044624469,6.017540202,6.13855671,6.566972842,6.696819299,6.07821917,5.968144161
Small states,SST,"Unemployment, total (% of total labor force) (modeled ILO estimate)",SL.UEM.TOTL.ZS,8.3666803,8.851478905,9.382204025,9.431650392,9.401820575,9.39205706,9.460359622,9.275819489,9.651968654,9.705769557,9.666116885,9.326540342,9.615718536,9.435496272,9.197709099,8.450315125,7.929281325,7.760206856,9.135302733,9.355488001,9.057239916,9.100661898,9.298330108,9.059536393,8.672278468,8.438230325,8.092522058,7.854575438,7.589614734,9.09281653,8.682239215,8.111590546,7.889718789
Sao Tome and Principe,STP,"Unemployment, total (% of total labor force) (modeled ILO estimate)",SL.UEM.TOTL.ZS,14.417,14.576,14.413,14.376,14.323,14.319,14.404,14.393,14.353,14.4,15.73,17.63,16.36,16.12,16.47,16.65,16.098,15.573,15.4,14.66,14.196,13.59,13.711,13.619,13.598,13.65,13.811,13.878,13.998,15.183,15.042,14.115,14.208
Suriname,SUR,"Unemployment, total (% of total labor force) (modeled ILO estimate)",SL.UEM.TOTL.ZS,17.085,17.28,15.64,12.7,8.39,10.88,10.56,10.63,13.6,12.975,12.137,11.233,10.351,9.49,9.263,9.096,9.005,8.832,8.72,7.15,7.54,8.1,6.6,6.94,7.22,7.917,7.883,7.685,7.545,8.726,8.459,8.232,7.704
Slovak Republic,SVK,"Unemployment, total (% of total labor force) (modeled ILO estimate)",SL.UEM.TOTL.ZS,12.154,12.206,12.2,13.654,13.109,11.341,11.894,12.421,16.099,18.546,19.149,18.541,17.55,18.206,16.276,13.395,11.16,9.514,12.023,14.387,13.634,13.966,14.227,11.537,11.492,9.679,8.142,6.544,5.761,6.719,6.894,6.143,5.84
Slovenia,SVN,"Unemployment, total (% of total labor force) (modeled ILO estimate)",SL.UEM.TOTL.ZS,7.08,7.823,8.51,8.24,7.15,6.886,6.658,7.4,7.33,6.92,5.685,5.927,6.481,6.017,6.515,5.957,4.828,4.379,5.869,7.248,8.182,8.852,10.116,9.692,8.975,8.007,6.573,5.116,4.448,4.974,4.747,4.013,3.627
Sweden,SWE,"Unemployment, total (% of total labor force) (modeled ILO estimate)",SL.UEM.TOTL.ZS,3.243,5.722,9.33,9.58,8.897,9.547,10.359,8.941,7.607,5.466,4.73,4.965,5.555,6.693,7.486,7.066,6.161,6.235,8.351,8.61,7.804,7.976,8.052,7.954,7.432,6.99,6.718,6.365,6.833,8.291,8.722,7.392,7.587
Eswatini,SWZ,"Unemployment, total (% of total labor force) (modeled ILO estimate)",SL.UEM.TOTL.ZS,20.57,20.961,21.715,21.704,21.65,22.076,22.5,23.204,23.849,24.518,25.2,25.734,26.229,26.695,27.208,27.689,28.24,27.847,27.404,26.753,25.994,25.118,24.435,23.817,23.279,22.718,24.83,26.983,29.049,34.232,35.707,37.852,37.636
Sint Maarten (Dutch part),SXM,"Unemployment, total (% of total labor force) (modeled ILO estimate)",SL.UEM.TOTL.ZS,,,,,,,,,,,,,,,,,,,,,,,,,,,,,,,,,
Seychelles,SYC,"Unemployment, total (% of total labor force) (modeled ILO estimate)",SL.UEM.TOTL.ZS,,,,,,,,,,,,,,,,,,,,,,,,,,,,,,,,,
Syrian Arab Republic,SYR,"Unemployment, total (% of total labor force) (modeled ILO estimate)",SL.UEM.TOTL.ZS,6.75,6.955,7.4,7.5,7.2,7.225,7.314,7.382,7.6,9.589,11.63,10.94,10.28,9.518,8.816,8.17,8.42,10.94,8.14,8.61,8.612,13.8,14.479,14.768,14.29,13.867,13.67,13.554,13.393,15.176,14.796,13.813,13.544
Turks and Caicos Islands,TCA,"Unemployment, total (% of total labor force) (modeled ILO estimate)",SL.UEM.TOTL.ZS,,,,,,,,,,,,,,,,,,,,,,,,,,,,,,,,,
Chad,TCD,"Unemployment, total (% of total labor force) (modeled ILO estimate)",SL.UEM.TOTL.ZS,0.669,0.66,0.7,0.711,0.751,0.701,0.732,0.727,0.752,0.792,0.789,0.768,0.728,0.679,0.67,0.716,0.829,0.904,0.903,0.873,0.899,0.893,0.942,0.926,0.968,1.044,1.116,1.135,1.081,1.693,1.511,1.104,1.082
East Asia & Pacific (IDA & IBRD countries),TEA,"Unemployment, total (% of total labor force) (modeled ILO estimate)",SL.UEM.TOTL.ZS,2.406829973,2.374569961,2.627033856,2.925491234,3.009169975,3.11500286,3.207743153,3.373640829,3.463948828,3.419796426,3.850945684,4.171696924,4.424311651,4.417769762,4.496221681,4.389251449,4.368583432,4.454270053,4.439596476,4.176253125,4.12565052,4.063777888,4.064688751,4.06173294,4.137486706,4.053405388,3.931932689,3.822722257,3.913821349,4.387127362,4.142495788,4.25786271,4.01445097
Europe & Central Asia (IDA & IBRD countries),TEC,"Unemployment, total (% of total labor force) (modeled ILO estimate)",SL.UEM.TOTL.ZS,5.947712758,6.391507526,7.085080122,8.43297598,9.409354287,10.00371654,10.64914786,11.50630572,11.92373662,11.18262151,10.77544239,10.55996634,10.30208807,10.03345284,9.370153341,8.732704041,7.63225308,7.348106972,9.010901468,8.588657426,8.029784789,7.570320126,7.627701051,7.561996811,7.53748142,7.370616248,7.024139372,6.574289408,6.621522358,7.117403391,6.727854031,5.594767125,5.199823858
Togo,TGO,"Unemployment, total (% of total labor force) (modeled ILO estimate)",SL.UEM.TOTL.ZS,4.045,4.189,4.47,4.184,3.986,3.624,3.636,3.789,3.892,4.151,4.102,4.085,3.964,3.999,4.151,4.229,3.822,3.286,2.853,2.385,1.982,2.028,2.083,2.142,2.204,2.963,3.744,2.903,2.056,2.211,2.285,2.065,2.048
Thailand,THA,"Unemployment, total (% of total labor force) (modeled ILO estimate)",SL.UEM.TOTL.ZS,2.63,1.35,1.49,1.347,1.1,1.071,0.873,3.404,2.968,2.389,2.6,1.82,1.54,1.51,1.35,1.22,1.18,1.18,1.49,0.622,0.66,0.58,0.249,0.576,0.597,0.688,0.83,0.766,0.716,1.099,1.215,0.94,0.913
Tajikistan,TJK,"Unemployment, total (% of total labor force) (modeled ILO estimate)",SL.UEM.TOTL.ZS,1.9,2.1,6.2,8.8,10.3,13.4,13.9,16.5,15.4,14.972,14.566,14.148,13.751,13.364,12.995,12.627,12.254,11.869,11.5,10.844,10.187,9.519,8.86,8.206,7.554,6.9,6.9,6.898,6.898,7.176,7.253,6.981,6.981
Turkmenistan,TKM,"Unemployment, total (% of total labor force) (modeled ILO estimate)",SL.UEM.TOTL.ZS,1.4,1.5,1.5,4.7,8.3,10.3,11,12.2,12.7,11.75,10.898,10.1,9.239,8.367,7.46,6.577,5.705,4.846,4,4,4.002,3.997,3.999,4.011,4.023,4.034,4.045,4.051,4.055,4.489,4.452,4.121,4.12
Latin America & the Caribbean (IDA & IBRD countries),TLA,"Unemployment, total (% of total labor force) (modeled ILO estimate)",SL.UEM.TOTL.ZS,6.207362401,6.178951234,5.929096416,6.584025217,7.8715216,8.285334696,8.136331738,8.514193858,9.495131168,9.547849777,9.159880542,9.521297866,9.393692439,8.879794748,8.33737069,7.70020852,7.307843366,6.912933212,7.888956236,7.258973061,6.733719633,6.442018602,6.398818433,6.210574325,6.740078362,7.838858314,8.152074114,8.057970239,8.133460188,10.3689262,9.301457639,7.002290027,6.304543392
Timor-Leste,TLS,"Unemployment, total (% of total labor force) (modeled ILO estimate)",SL.UEM.TOTL.ZS,3.329,3.292,3.257,3.278,3.3,3.315,3.346,3.408,3.66,3.596,3.483,3.326,3.409,3.498,3.448,3.46,3.409,3.367,3.295,3.301,3.533,3.767,4.011,4.228,4.45,4.657,4.212,3.732,3.129,2.792,2.344,1.537,1.523
Middle East & North Africa (IDA & IBRD countries),TMN,"Unemployment, total (% of total labor force) (modeled ILO estimate)",SL.UEM.TOTL.ZS,11.89579442,12.0686458,12.87028505,12.97192081,13.38561145,12.22377633,11.96841268,12.11445675,12.50477387,13.10781317,13.08492528,13.1496179,12.80348789,11.47336213,11.70095368,10.95167339,10.48751225,10.24687879,10.42036338,10.67994569,11.44472079,11.95601104,11.69013308,11.82736784,12.25994517,12.40103455,12.58401052,12.11839015,11.3500578,11.90941466,11.5419431,11.02700373,10.87444589
Tonga,TON,"Unemployment, total (% of total labor force) (modeled ILO estimate)",SL.UEM.TOTL.ZS,1.35,1.351,1.3,1.708,2.007,2.414,2.864,3.36,3.714,4.12,4.479,4.837,5.18,3.944,2.572,1.09,1.182,1.254,1.41,1.517,1.606,1.647,1.758,1.924,2.028,2.048,2.132,2.248,2.164,2.675,2.111,2.354,2.303
South Asia (IDA & IBRD),TSA,"Unemployment, total (% of total labor force) (modeled ILO estimate)",SL.UEM.TOTL.ZS,6.058798562,6.052664066,6.063361996,6.029688876,6.154258891,6.259586575,6.403903261,6.546205166,6.68489913,6.814501447,6.97443274,7.171288476,7.300642027,7.405676425,7.4953952,7.353658895,7.309585023,7.307460699,7.302350779,7.070197803,7.023917254,7.279204111,7.188626616,7.000817099,7.109827099,6.915975835,6.954803489,7.00880479,6.233832315,7.550048852,6.445897193,5.145289479,4.613499404
Sub-Saharan Africa (IDA & IBRD countries),TSS,"Unemployment, total (% of total labor force) (modeled ILO estimate)",SL.UEM.TOTL.ZS,6.359372471,6.46354369,6.494489708,6.432070419,6.302201273,6.237370311,6.212356311,6.242511828,6.35425346,6.345937677,6.258263164,6.167660934,6.100118775,5.952859152,5.843267396,5.754406717,5.710555726,5.70786356,5.790764223,6.04248261,5.956113777,5.841356033,5.664108908,5.71342634,5.887821304,5.957170687,6.044624469,6.017540202,6.13855671,6.566972842,6.696819299,6.07821917,5.968144161
Trinidad and Tobago,TTO,"Unemployment, total (% of total labor force) (modeled ILO estimate)",SL.UEM.TOTL.ZS,18.52,19.66,19.81,18.44,17.22,16.25,15.01,14.21,13.12,12.1,10.88,10.39,10.48,8.33,7.95,6.27,5.54,4.63,5.28,4.033,3.425,3.718,2.683,2.477,2.428,3.207,3.385,3.49,3.523,4.206,4.446,4.383,4.206
Tunisia,TUN,"Unemployment, total (% of total labor force) (modeled ILO estimate)",SL.UEM.TOTL.ZS,15.977,15.647,15.986,16.038,16.36,16.07,15.94,15.476,15.21,14.94,14.4,14.55,14.51,14.23,12.872,12.51,12.365,12.444,13.291,13.049,18.334,17.63,15.934,14.259,15.159,15.557,15.33,15.459,17.153,17.576,16.505,15.301,15.106
Turkiye,TUR,"Unemployment, total (% of total labor force) (modeled ILO estimate)",SL.UEM.TOTL.ZS,8.21,8.509,8.962,8.577,7.644,6.629,6.841,6.888,7.687,6.495,8.381,10.358,10.542,10.838,10.636,10.227,10.285,10.965,14.026,11.879,9.789,9.21,9.713,9.901,10.304,10.899,10.919,10.956,13.73,13.148,11.969,10.432,9.412
Tuvalu,TUV,"Unemployment, total (% of total labor force) (modeled ILO estimate)",SL.UEM.TOTL.ZS,,,,,,,,,,,,,,,,,,,,,,,,,,,,,,,,,
Tanzania,TZA,"Unemployment, total (% of total labor force) (modeled ILO estimate)",SL.UEM.TOTL.ZS,3.6,3.68,3.881,3.847,3.659,3.466,3.336,3.279,3.215,3.127,2.994,3.021,3.051,3.104,3.192,3.299,3.024,2.775,2.5,3.029,3.47,3.223,2.93,2.125,2.162,2.237,2.313,2.409,2.518,2.781,2.806,2.609,2.607
Uganda,UGA,"Unemployment, total (% of total labor force) (modeled ILO estimate)",SL.UEM.TOTL.ZS,3.404,3.498,3.445,3.424,3.197,3.182,3.222,3.418,3.454,3.52,3.517,3.5,3.6,2.706,1.9,2.27,2.675,3.049,3.6,3.619,3.528,3.551,1.91,2.404,2.788,3.167,3.643,3.42,3.185,3.914,3.422,2.93,2.831
Ukraine,UKR,"Unemployment, total (% of total labor force) (modeled ILO estimate)",SL.UEM.TOTL.ZS,1.9,1.9,2,2,5.62,7.65,8.93,11.32,11.864,11.707,11.061,10.136,9.057,8.59,7.18,6.81,6.351,6.363,8.84,8.1,7.851,7.529,7.17,9.27,9.14,9.35,9.5,8.799,8.194,9.475,9.834,,
Upper middle income,UMC,"Unemployment, total (% of total labor force) (modeled ILO estimate)",SL.UEM.TOTL.ZS,3.70518544,3.782211773,4.017604519,4.443383129,4.861727861,5.041906807,5.081244717,5.375044923,5.632955631,5.580828469,5.853554842,6.192935646,6.3149368,6.164380257,6.160217549,5.918983418,5.835946758,5.810061404,6.136307662,5.857609542,5.651751155,5.557825626,5.517883061,5.534281174,5.754204092,5.987708915,5.987070502,5.914726418,6.039399569,6.707849486,6.31615964,5.939225772,5.580210865
Uruguay,URY,"Unemployment, total (% of total labor force) (modeled ILO estimate)",SL.UEM.TOTL.ZS,8.95,8.96,8.35,9.04,10.02,11.93,11.44,9.362,10.466,12.627,15.052,16.648,16.661,12.98,12.009,10.844,9.403,8.026,7.74,7.158,6.307,6.451,6.444,6.547,7.488,7.841,7.89,8.336,8.734,10.33,9.301,7.877,8.354
United States,USA,"Unemployment, total (% of total labor force) (modeled ILO estimate)",SL.UEM.TOTL.ZS,6.8,7.5,6.9,6.119,5.65,5.451,5,4.511,4.219,3.992,4.731,5.783,5.989,5.529,5.084,4.623,4.622,5.784,9.254,9.633,8.949,8.069,7.375,6.168,5.28,4.869,4.355,3.896,3.669,8.055,5.349,3.65,3.625
Uzbekistan,UZB,"Unemployment, total (% of total labor force) (modeled ILO estimate)",SL.UEM.TOTL.ZS,1.9,2.9,4.9,7.3,7.8,10.7,10.9,13.3,13.3,12.286,11.254,10.224,9.185,8.126,7.074,6.026,4.99,4.89,5.04,5.36,4.96,4.87,4.86,5.09,5.15,5.16,5.83,5.391,4.945,5.293,5.345,4.535,4.526
St. Vincent and the Grenadines,VCT,"Unemployment, total (% of total labor force) (modeled ILO estimate)",SL.UEM.TOTL.ZS,19.77,19.541,19.66,19.958,19.984,20.328,20.106,20.503,20.524,20.792,21.1,20.617,19.967,19.524,19.449,19.15,18.927,18.79,19.378,19.951,20.03,19.846,19.347,19.229,19.121,19.01,18.988,18.968,19.22,20.563,20.279,19.51,18.674
"Venezuela, RB",VEN,"Unemployment, total (% of total labor force) (modeled ILO estimate)",SL.UEM.TOTL.ZS,9.45,7.69,6.6,8.56,10.24,11.77,11.16,11.15,14.53,13.99,13.04,16.17,16.78,15.07,10.663,8.606,7.279,6.245,6.097,7.112,6.902,6.601,7.54,6.821,6.138,5.319,5.045,5.463,5.887,7.53,7.027,5.747,5.528
British Virgin Islands,VGB,"Unemployment, total (% of total labor force) (modeled ILO estimate)",SL.UEM.TOTL.ZS,,,,,,,,,,,,,,,,,,,,,,,,,,,,,,,,,
Virgin Islands (U.S.),VIR,"Unemployment, total (% of total labor force) (modeled ILO estimate)",SL.UEM.TOTL.ZS,11.989,12.271,12.446,12.247,11.811,11.699,11.465,11.247,10.869,10.469,10.583,10.817,11.119,10.772,10.701,10.169,9.935,10.008,11.3,11.501,11.778,11.84,12.274,12.36,12.146,12.247,11.955,12.137,12.259,14.836,13.932,12.669,12.087
Viet Nam,VNM,"Unemployment, total (% of total labor force) (modeled ILO estimate)",SL.UEM.TOTL.ZS,2.162,2.128,2.051,1.98,1.959,1.93,2.87,2.29,2.33,2.26,2.76,2.12,2.25,2.14,2.077,2.045,2.026,1.889,1.737,1.114,0.999,1.027,1.316,1.256,1.849,1.848,1.874,1.161,1.681,2.103,2.385,1.535,1.602
Vanuatu,VUT,"Unemployment, total (% of total labor force) (modeled ILO estimate)",SL.UEM.TOTL.ZS,8.009,7.982,8.326,8.145,8.198,8.153,8.287,8.285,8.352,8.321,8.47,8.654,8.71,8.465,8.132,8.006,6.852,5.658,4.565,4.683,4.819,4.949,5.057,5.15,5.255,5.262,5.288,5.326,5.445,4.046,4.734,5.171,5.099
World,WLD,"Unemployment, total (% of total labor force) (modeled ILO estimate)",SL.UEM.TOTL.ZS,4.996340372,5.149938542,5.417837098,5.66775406,5.820785713,5.908677924,5.954035658,6.12523068,6.265527538,6.131118021,6.223468309,6.468308101,6.571283005,6.449676885,6.366465211,6.106585938,5.899676616,5.936694046,6.514687122,6.389464727,6.240482043,6.228272798,6.167133899,6.016228573,6.04884902,6.010331345,5.91614142,5.756397903,5.582980104,6.585287531,6.033761292,5.264615973,4.96143065
Samoa,WSM,"Unemployment, total (% of total labor force) (modeled ILO estimate)",SL.UEM.TOTL.ZS,2.1,2.438,2.686,2.995,3.239,3.51,3.775,4.123,4.487,4.732,4.96,4.978,5.04,5.165,5.214,5.323,5.426,5.538,5.646,5.62,5.68,8.752,8.772,8.72,8.9,9.062,9.4,9.512,9.601,10.214,10.368,9.923,9.747
Kosovo,XKX,"Unemployment, total (% of total labor force) (modeled ILO estimate)",SL.UEM.TOTL.ZS,,,,,,,,,,,,,,,,,,,,,,,,,,,,,,,,,
"Yemen, Rep.",YEM,"Unemployment, total (% of total labor force) (modeled ILO estimate)",SL.UEM.TOTL.ZS,8.17,8.114,8.338,8.34,8.987,9.588,10.224,10.83,11.46,11.561,11.725,11.842,12.013,12.131,12.216,12.349,12.483,12.647,12.753,12.778,13.277,13.44,13.638,13.467,17.9,18.382,18.564,17.644,17.303,17.972,18.248,17.515,17.215
South Africa,ZAF,"Unemployment, total (% of total labor force) (modeled ILO estimate)",SL.UEM.TOTL.ZS,20.105,20.369,20.295,20.073,19.799,19.643,19.679,19.821,19.926,19.841,19.725,19.658,19.728,19.634,19.557,19.425,19.39,19.507,20.512,23.181,21.416,21.786,22.038,22.606,22.869,24.023,23.992,24.218,25.538,24.339,28.77,28.838,27.988
Zambia,ZMB,"Unemployment, total (% of total labor force) (modeled ILO estimate)",SL.UEM.TOTL.ZS,18.9,19.544,19.7,18.645,16.825,15.3,13.305,12,12.496,12.93,13.41,14.125,14.701,15.327,15.9,13.232,10.563,7.93,10.581,13.19,10.546,7.85,8.042,8.131,8.316,8.418,8.518,5.031,5.539,6.032,5.195,5.993,5.913
Zimbabwe,ZWE,"Unemployment, total (% of total labor force) (modeled ILO estimate)",SL.UEM.TOTL.ZS,4.796,4.933,4.993,4.96,5.573,6.161,6.93,6.385,6,5.682,5.314,5.007,4.736,4.39,4.626,4.763,4.997,5.374,5.469,5.456,5.368,5.057,4.944,4.774,5.383,5.893,6.347,6.792,7.373,8.621,9.54,10.087,8.759
